ID_Compra,Producto_ID,SKU,Nombre_Producto,Proveedor,Fecha_Compra,Cantidad_Comprada,Precio_Unitario_USD,Total_Compra_USD,Stock_Acumulado,Costo_Promedio_USD,Tipo_Compra
1,1,0RT28,Sandalias Deportivas Acuáticas,Mundo de Calzado,2022-12-15,203,6.4785315105000025,1315.1418966315005,203,6.4785315105000025,Inicial
2,32,5TJ23,Zapatos Oxford Piel Ejecutivos,Almacenes Siman,2022-12-15,170,10.692805496400004,1817.7769343880007,170,10.692805496400004,Inicial
3,31,5IF41,Sandalias Tipo Huarache Tradicionales,Adoc S.A. de C.V.,2022-12-15,179,6.758335197,1209.742000263,179,6.758335197,Inicial
4,30,5GN30,Botas Montaña Hiking Adventure,Mundo de Calzado,2022-12-15,210,10.266642958500004,2155.995021285001,210,10.266642958500004,Inicial
5,29,5GF68,Calzado Fútbol Tacos Profesionales,Calzado Lexus,2022-12-15,200,10.0686280419,2013.72560838,200,10.0686280419,Inicial
6,28,5GE27,Sandalias Playa Flip-Flop Confort,Calzado Prada El Salvador,2022-12-15,168,6.439789461600001,1081.8846295488001,168,6.439789461600001,Inicial
7,27,5BM69,Zapatillas Deportivas Running Pro,Mundo de Calzado,2022-12-15,177,9.8361757485,1741.0031074845,177,9.8361757485,Inicial
8,26,4QI22,Botas Fashion Urbanas Mujer,Almacenes Siman,2022-12-15,193,12.3759322875,2388.5549314874997,193,12.3759322875,Inicial
9,25,4PJ19,Zapatos Mocasín Elegantes Sin Cordón,Calzado Prada El Salvador,2022-12-15,197,13.5726311313,2673.8083328661,197,13.5726311313,Inicial
10,24,4KL66,Botas Senderismo Trail Explorer,Hilasal (Hilandería de Centro América),2022-12-15,184,15.019000956900001,2763.4961760696,184,15.019000956900001,Inicial
11,23,4HJ92,Zapatos Salón Tacón Medio Oficina,Mundo de Calzado,2022-12-15,205,12.746134088100002,2612.9574880605005,205,12.746134088100002,Inicial
12,22,4HC51,Zapatillas Running Trail Mountain,Mundo de Calzado,2022-12-15,187,13.4822330172,2521.1775742164,187,13.4822330172,Inicial
13,21,3YB32,Sandalias Plataforma Mujer Elegantes,Adoc S.A. de C.V.,2022-12-15,168,8.480204037,1424.674278216,168,8.480204037,Inicial
14,34,5UB78,Zapatillas Skate Urban Style,Mundo de Calzado,2022-12-15,186,9.853394436900004,1832.7313652634007,186,9.853394436900004,Inicial
15,20,3UK92,Zapatillas Casual Canvas Juveniles,Payless ShoeSource El Salvador,2022-12-15,209,9.577895422500001,2001.7801433025002,209,9.577895422500001,Inicial
16,18,3RE23,Botas Motociclista Protección Total,Calzado Prada El Salvador,2022-12-15,208,12.0659958963,2509.7271464304,208,12.0659958963,Inicial
17,17,3LV37,Zapatillas Running Ligeras Performance,Mundo de Calzado,2022-12-15,193,10.2709476306,1982.2928927058,193,10.2709476306,Inicial
18,16,3JK90,Calzado Golf Waterproof Premium,Calzado Prada El Salvador,2022-12-15,184,11.235194181000002,2067.2757293040004,184,11.235194181000002,Inicial
19,15,3JK76,Sandalias Cuero Artesanales Premium,Calzado Prada El Salvador,2022-12-15,170,8.0325181386,1365.5280835620001,170,8.0325181386,Inicial
20,14,3ET67,Zapatos Loafer Borlas Ejecutivos,Hilasal (Hilandería de Centro América),2022-12-15,196,12.315666878100004,2413.870708107601,196,12.315666878100004,Inicial
21,13,2WE71,Tacones Stiletto Mujer Elegantes,Mundo de Calzado,2022-12-15,191,7.9507293687,1518.5893094217001,191,7.9507293687,Inicial
22,12,2TK59,Sandalias Gladiador Fashion Mujer,Almacenes Siman,2022-12-15,192,6.8099912622000005,1307.5183223424,192,6.8099912622000005,Inicial
23,11,2RW93,Zapatillas Slip-On Casual Relax,Almacenes Siman,2022-12-15,202,9.074248786800004,1832.9982549336007,202,9.074248786800004,Inicial
24,10,2LM04,Botas Casual Chukka Ante,Diana Comercial,2022-12-15,208,12.5309004831,2606.4273004848,208,12.5309004831,Inicial
25,9,2JV62,Sandalias Ortopédicas Soporte Arco,Adoc S.A. de C.V.,2022-12-15,203,7.399731339900004,1502.145461999701,203,7.399731339900004,Inicial
26,8,2JD90,Calzado Boxing Botín Competencia,Diana Comercial,2022-12-15,174,9.806043043799999,1706.2514896211999,174,9.806043043799999,Inicial
27,7,2JD29,Calzado Natación Acuático Grip,Adoc S.A. de C.V.,2022-12-15,177,8.4500713323,1495.6626258171,177,8.4500713323,Inicial
28,19,3TU20,Zapatos Oxford Mujer Profesionales,Payless ShoeSource El Salvador,2022-12-15,198,11.2954595904,2236.5009988992,198,11.2954595904,Inicial
29,35,5XY10,Zapatos Tipo Brogue Premium Cuero,Adoc S.A. de C.V.,2022-12-15,204,16.6978230759,3406.3559074836003,204,16.6978230759,Inicial
30,36,6BC45,Sandalias Playa Niños Coloridas,Payless ShoeSource El Salvador,2022-12-15,187,4.532819721300001,847.6372878831002,187,4.532819721300001,Inicial
31,37,6GH85,Calzado Ciclismo Clips Performance,Payless ShoeSource El Salvador,2022-12-15,193,10.3182990237,1991.4317115741,193,10.3182990237,Inicial
32,64,2EW02,Calzado Boxing Botín Competencia,Adoc S.A. de C.V.,2022-12-15,178,8.583516167400003,1527.8658777972005,178,8.583516167400003,Inicial
33,63,TAG3,Calzado Natación Acuático Grip,Mundo de Calzado,2022-12-15,188,9.052725426300004,1701.9123801444007,188,9.052725426300004,Inicial
34,62,TAG2,Botas Lluvia Impermeables Pro,Diana Comercial,2022-12-15,184,13.998793669200005,2575.778035132801,184,13.998793669200005,Inicial
35,61,TAG1,Botas Invierno Térmicas Impermeables,Calzado Prada El Salvador,2022-12-15,183,14.0891917833,2578.3220963439003,183,14.0891917833,Inicial
36,60,WLCH1,Zapatillas Tenis Premium Leather,Diana Comercial,2022-12-15,216,15.092180382600002,3259.9109626416007,216,15.092180382600002,Inicial
37,59,XS56,Calzado Gym Training Multisport,Almacenes Siman,2022-12-15,182,13.034547118800004,2372.287575621601,182,13.034547118800004,Inicial
38,58,9OL25,Botas Trabajo Punta Acero Seguridad,Mundo de Calzado,2022-12-15,184,10.920953117700002,2009.4553736568002,184,10.920953117700002,Inicial
39,57,9OK21,Sandalias Deportivas Acuáticas,Calzado Prada El Salvador,2022-12-15,181,8.359673218200003,1513.1008524942006,181,8.359673218200003,Inicial
40,56,9GQ28,Zapatos Monk Strap Doble Hebilla,Adoc S.A. de C.V.,2022-12-15,190,15.298804643400002,2906.7728822460003,190,15.298804643400002,Inicial
41,55,8VS71,Zapatillas Lifestyle Urban Street,Adoc S.A. de C.V.,2022-12-15,218,10.8865157409,2373.2604315162002,218,10.8865157409,Inicial
42,54,8UF78,Zapatillas Casual Urbanas Confort,Adoc S.A. de C.V.,2022-12-15,184,12.302752861800004,2263.706526571201,184,12.302752861800004,Inicial
43,53,8TF72,Zapatos Penny Loafer Clásicos,Calzado Prada El Salvador,2022-12-15,186,14.549791698000003,2706.2612558280007,186,14.549791698000003,Inicial
44,52,8NN54,Botas Vaqueras Western Clásicas,Calzado Prada El Salvador,2022-12-15,196,10.9726091829,2150.6313998483997,196,10.9726091829,Inicial
45,51,8LG34,Botas Militares Tácticas Combat,Calzado Lexus,2022-12-15,179,12.746134088100002,2281.5580017699003,179,12.746134088100002,Inicial
46,50,8DO33,Botas Chelsea Casual Premium,Payless ShoeSource El Salvador,2022-12-15,185,14.851118744999999,2747.456967825,185,14.851118744999999,Inicial
47,49,8BC37,Zapatillas Basketball High Top,Calzado Prada El Salvador,2022-12-15,208,8.6179535442,1792.5343371936,208,8.6179535442,Inicial
48,48,7YV41,Calzado Tenis Clay Court Especial,Payless ShoeSource El Salvador,2022-12-15,178,10.546446645,1877.26750281,178,10.546446645,Inicial
49,47,7TY55,Zapatillas Walking Confort Plus,Hilasal (Hilandería de Centro América),2022-12-15,172,10.404392465700003,1789.5555041004004,172,10.404392465700003,Inicial
50,46,7NQ22,Zapatos Piel Charol Eventos Formales,Mundo de Calzado,2022-12-15,164,13.7964740805,2262.621749202,164,13.7964740805,Inicial
51,45,7NM98,Sandalias Slides Confort Unisex,Calzado Prada El Salvador,2022-12-15,221,6.9649594578,1539.2560401738,221,6.9649594578,Inicial
52,44,7BS72,Zapatillas Training CrossFit Elite,Diana Comercial,2022-12-15,198,11.174928771600001,2212.6358967768,198,11.174928771600001,Inicial
53,43,7BS71,Zapatos Derby Clásicos Oficina,Almacenes Siman,2022-12-15,164,11.846457619200004,1942.8190495488006,164,11.846457619200004,Inicial
54,42,6VC22,Sandalias Casual Verano Acolchadas,Calzado Prada El Salvador,2022-12-15,201,7.485824781900004,1504.6507811619008,201,7.485824781900004,Inicial
55,41,6UK81,Zapatillas Tenis Clásicas Blancas,Diana Comercial,2022-12-15,168,12.1090426173,2034.3191597064001,168,12.1090426173,Inicial
56,40,6UB33,Calzado Volleyball Indoor Pro,Almacenes Siman,2022-12-15,206,12.315666878100004,2537.027376888601,206,12.315666878100004,Inicial
57,39,6PM40,Tacones Plataforma Fiesta Mujer,Calzado Prada El Salvador,2022-12-15,216,9.9308785347,2145.0697634952,216,9.9308785347,Inicial
58,38,6LJ54,Botas de Trabajo Industrial Reforzadas,Calzado Lexus,2022-12-15,172,9.793129027500001,1684.41819273,172,9.793129027500001,Inicial
59,6,2CF67,Botas Lluvia Impermeables Pro,Hilasal (Hilandería de Centro América),2022-12-15,193,11.777582865600001,2273.0734930608,193,11.777582865600001,Inicial
60,5,1TB10,Botas Invierno Térmicas Impermeables,Adoc S.A. de C.V.,2022-12-15,182,11.6785754073,2125.5007241286003,182,11.6785754073,Inicial
61,33,5TU10,Sandalias Sport Outdoor Trekking,Payless ShoeSource El Salvador,2022-12-15,213,7.6278789611999995,1624.7382187356,213,7.6278789611999995,Inicial
62,2,1AB92,Botas Trabajo Punta Acero Seguridad,Calzado Prada El Salvador,2022-12-15,206,11.028569920200002,2271.8854035612003,206,11.028569920200002,Inicial
63,3,1GB82,Calzado Gym Training Multisport,Hilasal (Hilandería de Centro América),2022-12-15,201,10.692805496400004,2149.2539047764008,201,10.692805496400004,Inicial
64,4,1GS46,Zapatillas Tenis Premium Leather,Calzado Prada El Salvador,2022-12-15,182,12.027253847399999,2188.9602002267998,182,12.027253847399999,Inicial
65,28,5GE27,Sandalias Playa Flip-Flop Confort,Adoc S.A. de C.V.,2023-02-13,108,6.512968887300002,703.4006398284002,276,6.512968887300002,Reposición
66,1,0RT28,Sandalias Deportivas Acuáticas,Calzado Prada El Salvador,2023-02-13,117,5.7553465977,673.3755519309,320,5.7553465977,Reposición
67,9,2JV62,Sandalias Ortopédicas Soporte Arco,Adoc S.A. de C.V.,2023-02-13,127,6.1255483983,777.9446465841,330,6.1255483983,Reposición
68,42,6VC22,Sandalias Casual Verano Acolchadas,Calzado Prada El Salvador,2023-02-13,121,6.469922166300002,782.8605821223002,322,6.469922166300002,Reposición
69,62,TAG2,Botas Lluvia Impermeables Pro,Hilasal (Hilandería de Centro América),2023-02-13,114,15.651787755600003,1784.3038041384002,298,15.651787755600003,Reposición
70,13,2WE71,Tacones Stiletto Mujer Elegantes,Adoc S.A. de C.V.,2023-02-13,131,8.114306908500003,1062.9742050135005,322,8.114306908500003,Reposición
71,30,5GN30,Botas Montaña Hiking Adventure,Almacenes Siman,2023-02-13,122,9.793129027500001,1194.7617413550001,332,9.793129027500001,Reposición
72,3,1GB82,Calzado Gym Training Multisport,Calzado Lexus,2023-02-13,123,10.163330828100001,1250.0896918563,324,10.163330828100001,Reposición
73,46,7NQ22,Zapatos Piel Charol Eventos Formales,Mundo de Calzado,2023-02-13,112,13.456404984600002,1507.1173582752003,276,13.456404984600002,Reposición
74,29,5GF68,Calzado Fútbol Tacos Profesionales,Calzado Lexus,2023-02-13,134,9.780215011200001,1310.5488115008002,334,9.780215011200001,Reposición
75,21,3YB32,Sandalias Plataforma Mujer Elegantes,Payless ShoeSource El Salvador,2023-02-13,122,8.101392892200005,988.3699328484006,290,8.101392892200005,Reposición
76,8,2JD90,Calzado Boxing Botín Competencia,Mundo de Calzado,2023-02-13,128,8.376891906600003,1072.2421640448003,302,8.376891906600003,Reposición
77,50,8DO33,Botas Chelsea Casual Premium,Payless ShoeSource El Salvador,2023-02-13,124,15.475296199500008,1918.936728738001,309,15.475296199500008,Reposición
78,32,5TJ23,Zapatos Oxford Piel Ejecutivos,Hilasal (Hilandería de Centro América),2023-02-13,120,12.3070575339,1476.846904068,290,12.3070575339,Reposición
79,33,5TU10,Sandalias Sport Outdoor Trekking,Mundo de Calzado,2023-02-13,110,8.0411274828,884.524023108,323,8.0411274828,Reposición
80,31,5IF41,Sandalias Tipo Huarache Tradicionales,Diana Comercial,2023-02-13,125,6.728202492300001,841.0253115375001,304,6.728202492300001,Reposición
81,64,2EW02,Calzado Boxing Botín Competencia,Diana Comercial,2023-02-13,120,8.398415267100003,1007.8098320520003,298,8.398415267100003,Reposición
82,56,9GQ28,Zapatos Monk Strap Doble Hebilla,Diana Comercial,2023-02-13,125,14.541182353800002,1817.6477942250003,315,14.541182353800002,Reposición
83,51,8LG34,Botas Militares Tácticas Combat,Diana Comercial,2023-02-13,120,12.0918239289,1451.018871468,299,12.0918239289,Reposición
84,53,8TF72,Zapatos Penny Loafer Clásicos,Calzado Lexus,2023-02-13,114,14.0547544065,1602.242002341,300,14.0547544065,Reposición
85,63,TAG3,Calzado Natación Acuático Grip,Payless ShoeSource El Salvador,2023-02-13,130,9.8232617322,1277.024025186,318,9.8232617322,Reposición
86,22,4HC51,Zapatillas Running Trail Mountain,Calzado Lexus,2023-02-13,130,13.421967607800001,1744.855789014,317,13.421967607800001,Reposición
87,43,7BS71,Zapatos Derby Clásicos Oficina,Adoc S.A. de C.V.,2023-02-13,112,11.898113684400004,1332.5887326528004,276,11.898113684400004,Reposición
88,11,2RW93,Zapatillas Slip-On Casual Relax,Mundo de Calzado,2023-02-13,132,9.6553795203,1274.5100966796,334,9.6553795203,Reposición
89,20,3UK92,Zapatillas Casual Canvas Juveniles,Diana Comercial,2023-02-13,119,9.0355067379,1075.2253018101,328,9.0355067379,Reposición
90,23,4HJ92,Zapatos Salón Tacón Medio Oficina,Almacenes Siman,2023-02-13,115,12.625603269300004,1451.9443759695005,320,12.625603269300004,Reposición
91,19,3TU20,Zapatos Oxford Mujer Profesionales,Calzado Prada El Salvador,2023-02-13,124,12.406064992200005,1538.3520590328005,322,12.406064992200005,Reposición
92,45,7NM98,Sandalias Slides Confort Unisex,Adoc S.A. de C.V.,2023-02-13,134,7.0123108509000005,939.6496540206001,355,7.0123108509000005,Reposición
93,24,4KL66,Botas Senderismo Trail Explorer,Hilasal (Hilandería de Centro América),2023-02-13,127,13.865348834100004,1760.8993019307006,311,13.865348834100004,Reposición
94,52,8NN54,Botas Vaqueras Western Clásicas,Diana Comercial,2023-02-13,113,11.1620147553,1261.3076673489,309,11.1620147553,Reposición
95,25,4PJ19,Zapatos Mocasín Elegantes Sin Cordón,Calzado Prada El Salvador,2023-02-13,126,13.998793669200005,1763.8480023192005,323,13.998793669200005,Reposición
96,26,4QI22,Botas Fashion Urbanas Mujer,Adoc S.A. de C.V.,2023-02-13,121,12.836532202199999,1553.2203964661999,314,12.836532202199999,Reposición
97,10,2LM04,Botas Casual Chukka Ante,Calzado Prada El Salvador,2023-02-13,120,12.4232836806,1490.794041672,328,12.4232836806,Reposición
98,27,5BM69,Zapatillas Deportivas Running Pro,Calzado Prada El Salvador,2023-02-13,115,10.826250331500002,1245.0187881225004,292,10.826250331500002,Reposición
99,18,3RE23,Botas Motociclista Protección Total,Calzado Prada El Salvador,2023-02-13,135,11.7818875377,1590.5548175894999,343,11.7818875377,Reposición
100,57,9OK21,Sandalias Deportivas Acuáticas,Calzado Prada El Salvador,2023-02-13,133,7.5590042076,1005.3475596108,314,7.5590042076,Reposición
101,4,1GS46,Zapatillas Tenis Premium Leather,Payless ShoeSource El Salvador,2023-02-13,133,11.8938090123,1581.8765986359,315,11.8938090123,Reposición
102,54,8UF78,Zapatillas Casual Urbanas Confort,Hilasal (Hilandería de Centro América),2023-02-13,140,11.493474507000004,1609.0864309800006,324,11.493474507000004,Reposición
103,34,5UB78,Zapatillas Skate Urban Style,Almacenes Siman,2023-02-13,111,10.920953117700002,1212.2257960647003,297,10.920953117700002,Reposición
104,17,3LV37,Zapatillas Running Ligeras Performance,Calzado Prada El Salvador,2023-02-13,135,11.0328745923,1489.4380699605001,328,11.0328745923,Reposición
105,12,2TK59,Sandalias Gladiador Fashion Mujer,Almacenes Siman,2023-02-13,110,6.129853070400002,674.2838377440003,302,6.129853070400002,Reposición
106,37,6GH85,Calzado Ciclismo Clips Performance,Adoc S.A. de C.V.,2023-02-13,132,9.547762717800003,1260.3046787496005,325,9.547762717800003,Reposición
107,2,1AB92,Botas Trabajo Punta Acero Seguridad,Hilasal (Hilandería de Centro América),2023-02-13,110,10.503399924000007,1155.373991640001,316,10.503399924000007,Reposición
108,48,7YV41,Calzado Tenis Clay Court Especial,Almacenes Siman,2023-02-13,117,11.8507622913,1386.5391880821,295,11.8507622913,Reposición
109,6,2CF67,Botas Lluvia Impermeables Pro,Hilasal (Hilandería de Centro América),2023-02-13,114,11.5322165559,1314.6726873726,307,11.5322165559,Reposición
110,61,TAG1,Botas Invierno Térmicas Impermeables,Almacenes Siman,2023-02-13,119,14.041840390199999,1670.9790064338,302,14.041840390199999,Reposición
111,14,3ET67,Zapatos Loafer Borlas Ejecutivos,Calzado Lexus,2023-02-13,132,13.4090535915,1769.995074078,328,13.4090535915,Reposición
112,58,9OL25,Botas Trabajo Punta Acero Seguridad,Mundo de Calzado,2023-02-13,110,10.675586808000004,1174.3145488800005,294,10.675586808000004,Reposición
113,36,6BC45,Sandalias Playa Niños Coloridas,Adoc S.A. de C.V.,2023-02-13,133,4.446726279300001,591.4145951469001,320,4.446726279300001,Reposición
114,41,6UK81,Zapatillas Tenis Clásicas Blancas,Diana Comercial,2023-02-13,117,12.513681794700004,1464.1007699799004,285,12.513681794700004,Reposición
115,55,8VS71,Zapatillas Lifestyle Urban Street,Almacenes Siman,2023-02-13,127,9.8792224695,1254.6612536265,345,9.8792224695,Reposición
116,15,3JK76,Sandalias Cuero Artesanales Premium,Hilasal (Hilandería de Centro América),2023-02-13,106,8.1487442853,863.7668942418,276,8.1487442853,Reposición
117,44,7BS72,Zapatillas Training CrossFit Elite,Adoc S.A. de C.V.,2023-02-13,119,10.550751317100003,1255.5394067349005,317,10.550751317100003,Reposición
118,59,XS56,Calzado Gym Training Multisport,Calzado Prada El Salvador,2023-02-13,128,11.9368557333,1527.9175338624,310,11.9368557333,Reposición
119,60,WLCH1,Zapatillas Tenis Premium Leather,Mundo de Calzado,2023-02-13,117,15.0577430058,1761.7559316786,333,15.0577430058,Reposición
120,5,1TB10,Botas Invierno Térmicas Impermeables,Almacenes Siman,2023-02-13,113,11.192147460000003,1264.7126629800002,295,11.192147460000003,Reposición
121,38,6LJ54,Botas de Trabajo Industrial Reforzadas,Almacenes Siman,2023-02-13,133,10.3828691052,1380.9215909916,305,10.3828691052,Reposición
122,35,5XY10,Zapatos Tipo Brogue Premium Cuero,Mundo de Calzado,2023-02-13,118,15.617350378800008,1842.847344698401,322,15.617350378800008,Reposición
123,7,2JD29,Calzado Natación Acuático Grip,Payless ShoeSource El Salvador,2023-02-13,110,9.569286078300005,1052.6214686130006,287,9.569286078300005,Reposición
124,40,6UB33,Calzado Volleyball Indoor Pro,Hilasal (Hilandería de Centro América),2023-02-13,131,12.750438760200003,1670.3074775862005,337,12.750438760200003,Reposición
125,39,6PM40,Tacones Plataforma Fiesta Mujer,Calzado Lexus,2023-02-13,117,9.806043043799999,1147.3070361245998,333,9.806043043799999,Reposición
126,49,8BC37,Zapatillas Basketball High Top,Payless ShoeSource El Salvador,2023-02-13,117,8.312321825100002,972.5416535367002,325,8.312321825100002,Reposición
127,16,3JK90,Calzado Golf Waterproof Premium,Calzado Lexus,2023-02-13,111,10.8994297572,1209.8367030492,295,10.8994297572,Reposición
128,47,7TY55,Zapatillas Walking Confort Plus,Adoc S.A. de C.V.,2023-02-13,126,10.357041072600005,1304.9871751476005,298,10.357041072600005,Reposición
129,14,3ET67,Zapatos Loafer Borlas Ejecutivos,Diana Comercial,2023-04-15,118,12.216659419800001,1441.5658115364001,446,12.216659419800001,Reposición
130,5,1TB10,Botas Invierno Térmicas Impermeables,Hilasal (Hilandería de Centro América),2023-04-15,119,11.816324914500003,1406.1426648255003,414,11.816324914500003,Reposición
131,40,6UB33,Calzado Volleyball Indoor Pro,Calzado Prada El Salvador,2023-04-15,126,12.449111713200002,1568.5880758632004,463,12.449111713200002,Reposición
132,37,6GH85,Calzado Ciclismo Clips Performance,Payless ShoeSource El Salvador,2023-04-16,130,11.153405411100001,1449.9427034430003,455,11.153405411100001,Reposición
133,48,7YV41,Calzado Tenis Clay Court Especial,Hilasal (Hilandería de Centro América),2023-04-16,119,9.7500823065,1160.2597944735,414,9.7500823065,Reposición
134,19,3TU20,Zapatos Oxford Mujer Profesionales,Mundo de Calzado,2023-04-17,132,13.017328430400001,1718.2873528128002,454,13.017328430400001,Reposición
135,6,2CF67,Botas Lluvia Impermeables Pro,Mundo de Calzado,2023-04-17,104,11.243803525200004,1169.3555666208003,411,11.243803525200004,Reposición
136,21,3YB32,Sandalias Plataforma Mujer Elegantes,Adoc S.A. de C.V.,2023-04-18,124,8.583516167400003,1064.3560047576004,414,8.583516167400003,Reposición
137,27,5BM69,Zapatillas Deportivas Running Pro,Payless ShoeSource El Salvador,2023-04-18,124,10.042800009300004,1245.3072011532006,416,10.042800009300004,Reposición
138,2,1AB92,Botas Trabajo Punta Acero Seguridad,Hilasal (Hilandería de Centro América),2023-04-18,121,11.2997642625,1367.2714757625,437,11.2997642625,Reposición
139,34,5UB78,Zapatillas Skate Urban Style,Calzado Lexus,2023-04-19,115,10.580884021800001,1216.8016625070002,412,10.580884021800001,Reposición
140,52,8NN54,Botas Vaqueras Western Clásicas,Mundo de Calzado,2023-04-19,114,12.0487772079,1373.5606017006,423,12.0487772079,Reposición
141,11,2RW93,Zapatillas Slip-On Casual Relax,Adoc S.A. de C.V.,2023-04-19,119,10.572274677600005,1258.1006866344005,453,10.572274677600005,Reposición
142,1,0RT28,Sandalias Deportivas Acuáticas,Adoc S.A. de C.V.,2023-04-20,129,5.772565286100002,744.6609219069002,449,5.772565286100002,Reposición
143,23,4HJ92,Zapatos Salón Tacón Medio Oficina,Calzado Prada El Salvador,2023-04-21,106,13.258390068,1405.3893472080001,426,13.258390068,Reposición
144,20,3UK92,Zapatillas Casual Canvas Juveniles,Payless ShoeSource El Salvador,2023-04-21,121,9.90074583,1197.99024543,449,9.90074583,Reposición
145,16,3JK90,Calzado Golf Waterproof Premium,Payless ShoeSource El Salvador,2023-04-22,119,9.427231899,1121.840595981,414,9.427231899,Reposición
146,8,2JD90,Calzado Boxing Botín Competencia,Adoc S.A. de C.V.,2023-04-22,118,8.342454529800001,984.4096345164002,420,8.342454529800001,Reposición
147,54,8UF78,Zapatillas Casual Urbanas Confort,Hilasal (Hilandería de Centro América),2023-04-23,125,11.166319427400001,1395.7899284250002,449,11.166319427400001,Reposición
148,56,9GQ28,Zapatos Monk Strap Doble Hebilla,Payless ShoeSource El Salvador,2023-04-23,136,13.421967607800001,1825.3875946608002,451,13.421967607800001,Reposición
149,43,7BS71,Zapatos Derby Clásicos Oficina,Adoc S.A. de C.V.,2023-04-23,116,11.618309997899999,1347.7239597563998,392,11.618309997899999,Reposición
150,35,5XY10,Zapatos Tipo Brogue Premium Cuero,Diana Comercial,2023-04-24,126,14.351776781400009,1808.3238744564012,448,14.351776781400009,Reposición
151,15,3JK76,Sandalias Cuero Artesanales Premium,Hilasal (Hilandería de Centro América),2023-04-24,109,7.369598635200001,803.2862512368001,385,7.369598635200001,Reposición
152,24,4KL66,Botas Senderismo Trail Explorer,Almacenes Siman,2023-04-25,116,12.763352776500005,1480.5489220740005,427,12.763352776500005,Reposición
153,55,8VS71,Zapatillas Lifestyle Urban Street,Almacenes Siman,2023-04-25,120,11.067311969100004,1328.0774362920006,465,11.067311969100004,Reposición
154,59,XS56,Calzado Gym Training Multisport,Almacenes Siman,2023-04-26,126,11.217975492600004,1413.4649120676006,436,11.217975492600004,Reposición
155,18,3RE23,Botas Motociclista Protección Total,Adoc S.A. de C.V.,2023-04-26,130,11.7732781935,1530.526165155,473,11.7732781935,Reposición
156,3,1GB82,Calzado Gym Training Multisport,Mundo de Calzado,2023-04-26,111,10.636844759100004,1180.6897682601004,435,10.636844759100004,Reposición
157,28,5GE27,Sandalias Playa Flip-Flop Confort,Adoc S.A. de C.V.,2023-04-26,113,5.854354056000002,661.5420083280002,389,5.854354056000002,Reposición
158,50,8DO33,Botas Chelsea Casual Premium,Almacenes Siman,2023-04-28,131,15.539866281000002,2035.7224828110002,440,15.539866281000002,Reposición
159,13,2WE71,Tacones Stiletto Mujer Elegantes,Almacenes Siman,2023-04-29,119,9.556372062000001,1137.208275378,441,9.556372062000001,Reposición
160,12,2TK59,Sandalias Gladiador Fashion Mujer,Calzado Prada El Salvador,2023-04-29,118,6.6119763456,780.2132087808,420,6.6119763456,Reposición
161,4,1GS46,Zapatillas Tenis Premium Leather,Hilasal (Hilandería de Centro América),2023-04-29,111,12.479244417900004,1385.1961303869004,426,12.479244417900004,Reposición
162,49,8BC37,Zapatillas Basketball High Top,Adoc S.A. de C.V.,2023-04-30,124,7.993776089699999,991.2282351227999,449,7.993776089699999,Reposición
163,10,2LM04,Botas Casual Chukka Ante,Calzado Prada El Salvador,2023-04-30,123,12.199440731400001,1500.5312099622001,451,12.199440731400001,Reposición
164,42,6VC22,Sandalias Casual Verano Acolchadas,Calzado Prada El Salvador,2023-04-30,106,6.990787490399999,741.0234739823999,428,6.990787490399999,Reposición
165,7,2JD29,Calzado Natación Acuático Grip,Almacenes Siman,2023-04-30,119,8.342454529800001,992.7520890462001,406,8.342454529800001,Reposición
166,39,6PM40,Tacones Plataforma Fiesta Mujer,Hilasal (Hilandería de Centro América),2023-04-30,132,9.4918019805,1252.917861426,465,9.4918019805,Reposición
167,60,WLCH1,Zapatillas Tenis Premium Leather,Adoc S.A. de C.V.,2023-05-01,110,16.641862338600003,1830.6048572460004,443,16.641862338600003,Reposición
168,33,5TU10,Sandalias Sport Outdoor Trekking,Almacenes Siman,2023-05-01,131,6.887475359999999,902.2592721599999,454,6.887475359999999,Reposición
169,46,7NQ22,Zapatos Piel Charol Eventos Formales,Mundo de Calzado,2023-05-02,130,13.495147033500007,1754.3691143550009,406,13.495147033500007,Reposición
170,63,TAG3,Calzado Natación Acuático Grip,Payless ShoeSource El Salvador,2023-05-02,119,8.561992806900003,1018.8771440211003,437,8.561992806900003,Reposición
171,32,5TJ23,Zapatos Oxford Piel Ejecutivos,Mundo de Calzado,2023-05-02,111,11.4289044255,1268.6083912305,401,11.4289044255,Reposición
172,57,9OK21,Sandalias Deportivas Acuáticas,Diana Comercial,2023-05-02,137,7.9249013361,1085.7114830456999,451,7.9249013361,Reposición
173,62,TAG2,Botas Lluvia Impermeables Pro,Diana Comercial,2023-05-03,122,14.666017844699999,1789.2541770533999,420,14.666017844699999,Reposición
174,61,TAG1,Botas Invierno Térmicas Impermeables,Hilasal (Hilandería de Centro América),2023-05-03,123,14.8554234171,1827.2170803033,425,14.8554234171,Reposición
175,44,7BS72,Zapatillas Training CrossFit Elite,Diana Comercial,2023-05-04,123,12.0616912242,1483.5880205766,440,12.0616912242,Reposición
176,25,4PJ19,Zapatos Mocasín Elegantes Sin Cordón,Calzado Prada El Salvador,2023-05-05,113,14.6186664516,1651.9093090308,436,14.6186664516,Reposición
177,45,7NM98,Sandalias Slides Confort Unisex,Hilasal (Hilandería de Centro América),2023-05-05,137,7.993776089699999,1095.1473242888999,492,7.993776089699999,Reposición
178,31,5IF41,Sandalias Tipo Huarache Tradicionales,Payless ShoeSource El Salvador,2023-05-06,129,7.6149649449000005,982.3304778921,433,7.6149649449000005,Reposición
179,29,5GF68,Calzado Fútbol Tacos Profesionales,Diana Comercial,2023-05-06,111,9.0441160821,1003.8968851131001,445,9.0441160821,Reposición
180,36,6BC45,Sandalias Playa Niños Coloridas,Payless ShoeSource El Salvador,2023-05-07,111,4.717920621600001,523.6891889976001,431,4.717920621600001,Reposición
181,64,2EW02,Calzado Boxing Botín Competencia,Payless ShoeSource El Salvador,2023-05-08,109,8.359673218200003,911.2043807838003,407,8.359673218200003,Reposición
182,53,8TF72,Zapatos Penny Loafer Clásicos,Calzado Prada El Salvador,2023-05-09,121,13.4908423614,1632.3919257294,421,13.4908423614,Reposición
183,22,4HC51,Zapatillas Running Trail Mountain,Payless ShoeSource El Salvador,2023-05-09,125,12.302752861800004,1537.8441077250004,442,12.302752861800004,Reposición
184,41,6UK81,Zapatillas Tenis Clásicas Blancas,Adoc S.A. de C.V.,2023-05-09,109,12.449111713200002,1356.9531767388003,394,12.449111713200002,Reposición
185,30,5GN30,Botas Montaña Hiking Adventure,Calzado Lexus,2023-05-09,127,10.9855231992,1395.1614462983998,459,10.9855231992,Reposición
186,51,8LG34,Botas Militares Tácticas Combat,Calzado Lexus,2023-05-09,116,11.364334344,1318.262783904,415,11.364334344,Reposición
187,38,6LJ54,Botas de Trabajo Industrial Reforzadas,Almacenes Siman,2023-05-11,127,11.743145488800003,1491.3794770776003,432,11.743145488800003,Reposición
188,47,7TY55,Zapatillas Walking Confort Plus,Almacenes Siman,2023-05-13,119,9.991143944100005,1188.9461293479005,417,9.991143944100005,Reposición
189,17,3LV37,Zapatillas Running Ligeras Performance,Diana Comercial,2023-05-13,118,11.2567175415,1328.292669897,446,11.2567175415,Reposición
190,9,2JV62,Sandalias Ortopédicas Soporte Arco,Adoc S.A. de C.V.,2023-05-14,137,6.926217408900001,948.8917850193002,467,6.926217408900001,Reposición
191,26,4QI22,Botas Fashion Urbanas Mujer,Adoc S.A. de C.V.,2023-05-14,118,11.450427786000004,1351.1504787480005,432,11.450427786000004,Reposición
192,58,9OL25,Botas Trabajo Punta Acero Seguridad,Payless ShoeSource El Salvador,2023-05-14,120,9.913659846300002,1189.6391815560003,414,9.913659846300002,Reposición
193,14,3ET67,Zapatos Loafer Borlas Ejecutivos,Diana Comercial,2023-06-19,112,13.3789208868,1498.4391393216,558,13.3789208868,Reposición
194,1,0RT28,Sandalias Deportivas Acuáticas,Calzado Prada El Salvador,2023-06-20,134,6.0825016773,815.0552247582,583,6.0825016773,Reposición
195,48,7YV41,Calzado Tenis Clay Court Especial,Diana Comercial,2023-06-22,128,11.071616641200004,1417.1669300736005,542,11.071616641200004,Reposición
196,34,5UB78,Zapatillas Skate Urban Style,Adoc S.A. de C.V.,2023-06-22,129,11.601091309500001,1496.5407789255,541,11.601091309500001,Reposición
197,59,XS56,Calzado Gym Training Multisport,Calzado Lexus,2023-06-26,104,12.9183209721,1343.5053810984,540,12.9183209721,Reposición
198,2,1AB92,Botas Trabajo Punta Acero Seguridad,Hilasal (Hilandería de Centro América),2023-06-28,121,10.5335326287,1274.5574480727,558,10.5335326287,Reposición
199,23,4HJ92,Zapatos Salón Tacón Medio Oficina,Adoc S.A. de C.V.,2023-06-28,131,11.381553032400005,1490.9834472444006,557,11.381553032400005,Reposición
200,16,3JK90,Calzado Golf Waterproof Premium,Payless ShoeSource El Salvador,2023-06-29,130,9.371271161700001,1218.265251021,544,9.371271161700001,Reposición
201,35,5XY10,Zapatos Tipo Brogue Premium Cuero,Payless ShoeSource El Salvador,2023-06-30,113,15.3461560365,1734.1156321245,561,15.3461560365,Reposición
202,42,6VC22,Sandalias Casual Verano Acolchadas,Almacenes Siman,2023-06-30,120,7.3007238816000015,876.0868657920001,548,7.3007238816000015,Reposición
203,10,2LM04,Botas Casual Chukka Ante,Adoc S.A. de C.V.,2023-06-30,108,11.5881772932,1251.5231476656,559,11.5881772932,Reposición
204,20,3UK92,Zapatillas Casual Canvas Juveniles,Calzado Lexus,2023-07-02,130,8.527555430100005,1108.5822059130007,579,8.527555430100005,Reposición
205,37,6GH85,Calzado Ciclismo Clips Performance,Adoc S.A. de C.V.,2023-07-02,124,10.550751317100003,1308.2931633204005,579,10.550751317100003,Reposición
206,52,8NN54,Botas Vaqueras Western Clásicas,Diana Comercial,2023-07-02,108,11.971293110100003,1292.8996558908004,531,11.971293110100003,Reposición
207,60,WLCH1,Zapatillas Tenis Premium Leather,Hilasal (Hilandería de Centro América),2023-07-03,115,16.069340949300006,1847.9742091695007,558,16.069340949300006,Reposición
208,3,1GB82,Calzado Gym Training Multisport,Almacenes Siman,2023-07-04,123,10.5077045961,1292.4476653203,558,10.5077045961,Reposición
209,44,7BS72,Zapatillas Training CrossFit Elite,Hilasal (Hilandería de Centro América),2023-07-04,117,12.4577210574,1457.5533637158,557,12.4577210574,Reposición
210,31,5IF41,Sandalias Tipo Huarache Tradicionales,Hilasal (Hilandería de Centro América),2023-07-05,112,6.8917800321000025,771.8793635952003,545,6.8917800321000025,Reposición
211,28,5GE27,Sandalias Playa Flip-Flop Confort,Mundo de Calzado,2023-07-05,129,6.779858557500001,874.6017539175001,518,6.779858557500001,Reposición
212,8,2JD90,Calzado Boxing Botín Competencia,Almacenes Siman,2023-07-06,134,9.465973947900004,1268.4405090186006,554,9.465973947900004,Reposición
213,5,1TB10,Botas Invierno Térmicas Impermeables,Diana Comercial,2023-07-06,109,12.087519256800004,1317.5395989912004,523,12.087519256800004,Reposición
214,64,2EW02,Calzado Boxing Botín Competencia,Mundo de Calzado,2023-07-07,107,9.018288049499999,964.9568212964999,514,9.018288049499999,Reposición
215,45,7NM98,Sandalias Slides Confort Unisex,Diana Comercial,2023-07-07,128,7.330856586300004,938.3496430464005,620,7.330856586300004,Reposición
216,19,3TU20,Zapatos Oxford Mujer Profesionales,Adoc S.A. de C.V.,2023-07-08,127,12.991500397800001,1649.9205505206,581,12.991500397800001,Reposición
217,40,6UB33,Calzado Volleyball Indoor Pro,Adoc S.A. de C.V.,2023-07-08,127,12.625603269300004,1603.4516152011006,590,12.625603269300004,Reposición
218,43,7BS71,Zapatos Derby Clásicos Oficina,Mundo de Calzado,2023-07-09,111,11.519302539600003,1278.6425818956004,503,11.519302539600003,Reposición
219,50,8DO33,Botas Chelsea Casual Premium,Payless ShoeSource El Salvador,2023-07-10,122,14.429260879200005,1760.3698272624006,562,14.429260879200005,Reposición
220,54,8UF78,Zapatillas Casual Urbanas Confort,Adoc S.A. de C.V.,2023-07-10,116,11.321287623000005,1313.2693642680006,565,11.321287623000005,Reposición
221,4,1GS46,Zapatillas Tenis Premium Leather,Payless ShoeSource El Salvador,2023-07-11,113,10.9639998387,1238.9319817731,539,10.9639998387,Reposición
222,25,4PJ19,Zapatos Mocasín Elegantes Sin Cordón,Payless ShoeSource El Salvador,2023-07-11,118,15.427944806400006,1820.4974871552008,554,15.427944806400006,Reposición
223,12,2TK59,Sandalias Gladiador Fashion Mujer,Mundo de Calzado,2023-07-12,112,5.906010121200001,661.4731335744002,532,5.906010121200001,Reposición
224,18,3RE23,Botas Motociclista Protección Total,Calzado Lexus,2023-07-12,131,12.276924829200004,1608.2771526252004,604,12.276924829200004,Reposición
225,24,4KL66,Botas Senderismo Trail Explorer,Diana Comercial,2023-07-12,131,15.2643672666,1999.6321119246002,558,15.2643672666,Reposición
226,56,9GQ28,Zapatos Monk Strap Doble Hebilla,Adoc S.A. de C.V.,2023-07-14,128,16.103778326100002,2061.2836257408003,579,16.103778326100002,Reposición
227,9,2JV62,Sandalias Ortopédicas Soporte Arco,Mundo de Calzado,2023-07-14,134,7.3265519142,981.7579565028001,601,7.3265519142,Reposición
228,27,5BM69,Zapatillas Deportivas Running Pro,Adoc S.A. de C.V.,2023-07-14,141,9.1043814915,1283.7177903015,557,9.1043814915,Reposición
229,11,2RW93,Zapatillas Slip-On Casual Relax,Almacenes Siman,2023-07-15,108,9.9351832068,1072.9997863344,561,9.9351832068,Reposición
230,21,3YB32,Sandalias Plataforma Mujer Elegantes,Almacenes Siman,2023-07-15,121,8.1831816621,990.1649811141001,535,8.1831816621,Reposición
231,29,5GF68,Calzado Fútbol Tacos Profesionales,Calzado Lexus,2023-07-15,120,9.4918019805,1139.0162376600001,565,9.4918019805,Reposición
232,6,2CF67,Botas Lluvia Impermeables Pro,Calzado Prada El Salvador,2023-07-15,103,11.790496881900001,1214.4211788357002,514,11.790496881900001,Reposición
233,26,4QI22,Botas Fashion Urbanas Mujer,Adoc S.A. de C.V.,2023-07-15,119,12.995805069900005,1546.5008033181005,551,12.995805069900005,Reposición
234,15,3JK76,Sandalias Cuero Artesanales Premium,Calzado Lexus,2023-07-16,111,8.2951031367,920.7564481736999,496,8.2951031367,Reposición
235,55,8VS71,Zapatillas Lifestyle Urban Street,Calzado Prada El Salvador,2023-07-17,126,10.0901514024,1271.3590767024,591,10.0901514024,Reposición
236,49,8BC37,Zapatillas Basketball High Top,Adoc S.A. de C.V.,2023-07-18,125,9.547762717800003,1193.4703397250005,574,9.547762717800003,Reposición
237,7,2JD29,Calzado Natación Acuático Grip,Mundo de Calzado,2023-07-19,112,9.5520673899,1069.8315476687999,518,9.5520673899,Reposición
238,63,TAG3,Calzado Natación Acuático Grip,Calzado Prada El Salvador,2023-07-20,129,9.448755259500004,1218.8894284755006,566,9.448755259500004,Reposición
239,36,6BC45,Sandalias Playa Niños Coloridas,Mundo de Calzado,2023-07-21,120,4.9718962755,596.62755306,551,4.9718962755,Reposición
240,57,9OK21,Sandalias Deportivas Acuáticas,Calzado Prada El Salvador,2023-07-21,114,7.640792977500001,871.0503994350001,565,7.640792977500001,Reposición
241,51,8LG34,Botas Militares Tácticas Combat,Payless ShoeSource El Salvador,2023-07-22,120,12.883883595300002,1546.0660314360002,535,12.883883595300002,Reposición
242,53,8TF72,Zapatos Penny Loafer Clásicos,Hilasal (Hilandería de Centro América),2023-07-24,113,13.0216331025,1471.4445405825,534,13.0216331025,Reposición
243,61,TAG1,Botas Invierno Térmicas Impermeables,Diana Comercial,2023-07-24,121,14.506744977,1755.316142217,546,14.506744977,Reposición
244,46,7NQ22,Zapatos Piel Charol Eventos Formales,Calzado Prada El Salvador,2023-07-25,133,13.981574980799998,1859.5494724463997,539,13.981574980799998,Reposición
245,22,4HC51,Zapatillas Running Trail Mountain,Diana Comercial,2023-07-25,132,13.4434909683,1774.5408078156001,574,13.4434909683,Reposición
246,62,TAG2,Botas Lluvia Impermeables Pro,Payless ShoeSource El Salvador,2023-07-25,121,15.483905543700002,1873.5525707877002,541,15.483905543700002,Reposición
247,39,6PM40,Tacones Plataforma Fiesta Mujer,Adoc S.A. de C.V.,2023-07-26,115,9.849089764800004,1132.6453229520005,580,9.849089764800004,Reposición
248,13,2WE71,Tacones Stiletto Mujer Elegantes,Calzado Prada El Salvador,2023-07-26,121,9.3583571454,1132.3612145933998,562,9.3583571454,Reposición
249,38,6LJ54,Botas de Trabajo Industrial Reforzadas,Mundo de Calzado,2023-07-27,129,11.859371635500004,1529.8589409795006,561,11.859371635500004,Reposición
250,32,5TJ23,Zapatos Oxford Piel Ejecutivos,Calzado Prada El Salvador,2023-07-28,120,12.3759322875,1485.1118744999999,521,12.3759322875,Reposición
251,33,5TU10,Sandalias Sport Outdoor Trekking,Adoc S.A. de C.V.,2023-07-30,113,7.4599967493,842.9796326709001,567,7.4599967493,Reposición
252,30,5GN30,Botas Montaña Hiking Adventure,Hilasal (Hilandería de Centro América),2023-07-30,114,10.6411494312,1213.0910351568,573,10.6411494312,Reposición
253,47,7TY55,Zapatillas Walking Confort Plus,Calzado Prada El Salvador,2023-07-30,123,10.804726971000001,1328.9814174330002,540,10.804726971000001,Reposición
254,41,6UK81,Zapatillas Tenis Clásicas Blancas,Diana Comercial,2023-08-01,122,12.4232836806,1515.6406090332,516,12.4232836806,Reposición
255,58,9OL25,Botas Trabajo Punta Acero Seguridad,Payless ShoeSource El Salvador,2023-08-10,133,11.166319427400001,1485.1204838442002,547,11.166319427400001,Reposición
256,17,3LV37,Zapatillas Running Ligeras Performance,Calzado Prada El Salvador,2023-08-10,113,11.5967866374,1310.4368900262,559,11.5967866374,Reposición
257,14,3ET67,Zapatos Loafer Borlas Ejecutivos,Mundo de Calzado,2023-08-19,131,12.281229501300007,1608.841064670301,689,12.281229501300007,Reposición
258,34,5UB78,Zapatillas Skate Urban Style,Calzado Prada El Salvador,2023-08-25,109,11.024265248099999,1201.6449120429,650,11.024265248099999,Reposición
259,10,2LM04,Botas Casual Chukka Ante,Adoc S.A. de C.V.,2023-08-30,121,13.206734002800001,1598.0148143388,680,13.206734002800001,Reposición
260,23,4HJ92,Zapatos Salón Tacón Medio Oficina,Hilasal (Hilandería de Centro América),2023-08-31,113,12.638517285600003,1428.1524532728004,670,12.638517285600003,Reposición
261,16,3JK90,Calzado Golf Waterproof Premium,Calzado Lexus,2023-09-03,115,10.598102710200003,1218.7818116730002,659,10.598102710200003,Reposición
262,8,2JD90,Calzado Boxing Botín Competencia,Payless ShoeSource El Salvador,2023-09-05,128,9.676902880800002,1238.6435687424002,682,9.676902880800002,Reposición
263,35,5XY10,Zapatos Tipo Brogue Premium Cuero,Diana Comercial,2023-09-05,115,14.231245962600003,1636.5932856990003,676,14.231245962600003,Reposición
264,2,1AB92,Botas Trabajo Punta Acero Seguridad,Payless ShoeSource El Salvador,2023-09-05,113,11.2567175415,1272.0090821895,671,11.2567175415,Reposición
265,59,XS56,Calzado Gym Training Multisport,Calzado Lexus,2023-09-06,116,11.1620147553,1294.7937116148,656,11.1620147553,Reposición
266,48,7YV41,Calzado Tenis Clay Court Especial,Hilasal (Hilandería de Centro América),2023-09-06,131,10.425915826200004,1365.7949732322006,673,10.425915826200004,Reposición
267,19,3TU20,Zapatos Oxford Mujer Profesionales,Payless ShoeSource El Salvador,2023-09-08,120,12.711696711300005,1525.4036053560008,701,12.711696711300005,Reposición
268,40,6UB33,Calzado Volleyball Indoor Pro,Diana Comercial,2023-09-09,129,12.604079908800001,1625.9263082352002,719,12.604079908800001,Reposición
269,28,5GE27,Sandalias Playa Flip-Flop Confort,Diana Comercial,2023-09-09,115,5.807002662900001,667.8053062335001,633,5.807002662900001,Reposición
270,12,2TK59,Sandalias Gladiador Fashion Mujer,Diana Comercial,2023-09-10,116,6.4914455268,753.0076811087999,648,6.4914455268,Reposición
271,1,0RT28,Sandalias Deportivas Acuáticas,Adoc S.A. de C.V.,2023-09-10,125,5.9447521701,743.0940212625001,708,5.9447521701,Reposición
272,44,7BS72,Zapatillas Training CrossFit Elite,Calzado Lexus,2023-09-10,118,11.536521228,1361.309504904,675,11.536521228,Reposición
273,3,1GB82,Calzado Gym Training Multisport,Payless ShoeSource El Salvador,2023-09-11,119,11.7259268004,1395.3852892476,677,11.7259268004,Reposición
274,31,5IF41,Sandalias Tipo Huarache Tradicionales,Calzado Prada El Salvador,2023-09-12,128,7.5245668307999996,963.1445543423999,673,7.5245668307999996,Reposición
275,5,1TB10,Botas Invierno Térmicas Impermeables,Adoc S.A. de C.V.,2023-09-12,109,11.3342016393,1235.4279786837,632,11.3342016393,Reposición
276,9,2JV62,Sandalias Ortopédicas Soporte Arco,Calzado Prada El Salvador,2023-09-12,126,6.487140854700001,817.3797476922001,727,6.487140854700001,Reposición
277,64,2EW02,Calzado Boxing Botín Competencia,Hilasal (Hilandería de Centro América),2023-09-14,124,8.527555430100005,1057.4168733324007,638,8.527555430100005,Reposición
278,20,3UK92,Zapatillas Casual Canvas Juveniles,Diana Comercial,2023-09-15,131,9.741472962300001,1276.1329580613,710,9.741472962300001,Reposición
279,56,9GQ28,Zapatos Monk Strap Doble Hebilla,Mundo de Calzado,2023-09-16,125,14.5110496491,1813.8812061375,704,14.5110496491,Reposición
280,55,8VS71,Zapatillas Lifestyle Urban Street,Adoc S.A. de C.V.,2023-09-16,134,10.4732672193,1403.4178073862001,725,10.4732672193,Reposición
281,15,3JK76,Sandalias Cuero Artesanales Premium,Calzado Prada El Salvador,2023-09-17,116,7.0209201950999995,814.4267426316,612,7.0209201950999995,Reposición
282,11,2RW93,Zapatillas Slip-On Casual Relax,Calzado Prada El Salvador,2023-09-18,133,9.332529112800001,1241.2263720024002,694,9.332529112800001,Reposición
283,37,6GH85,Calzado Ciclismo Clips Performance,Hilasal (Hilandería de Centro América),2023-09-18,124,9.9394878789,1232.4964969835999,703,9.9394878789,Reposición
284,25,4PJ19,Zapatos Mocasín Elegantes Sin Cordón,Mundo de Calzado,2023-09-19,124,15.561389641500002,1929.6123155460002,678,15.561389641500002,Reposición
285,60,WLCH1,Zapatillas Tenis Premium Leather,Payless ShoeSource El Salvador,2023-09-20,124,14.1752852253,1757.7353679372,682,14.1752852253,Reposición
286,63,TAG3,Calzado Natación Acuático Grip,Calzado Prada El Salvador,2023-09-21,126,8.346759201900003,1051.6916594394004,692,8.346759201900003,Reposición
287,50,8DO33,Botas Chelsea Casual Premium,Calzado Prada El Salvador,2023-09-23,110,15.677615788200008,1724.5377367020008,672,15.677615788200008,Reposición
288,29,5GF68,Calzado Fútbol Tacos Profesionales,Calzado Lexus,2023-09-23,137,8.738484363000001,1197.1723577310001,702,8.738484363000001,Reposición
289,57,9OK21,Sandalias Deportivas Acuáticas,Diana Comercial,2023-09-24,112,8.600734855799999,963.2823038495999,677,8.600734855799999,Reposición
290,62,TAG2,Botas Lluvia Impermeables Pro,Calzado Lexus,2023-09-24,109,15.750795213900005,1716.8366783151005,650,15.750795213900005,Reposición
291,45,7NM98,Sandalias Slides Confort Unisex,Payless ShoeSource El Salvador,2023-09-25,113,6.667937082900002,753.4768903677002,733,6.667937082900002,Reposición
292,18,3RE23,Botas Motociclista Protección Total,Calzado Lexus,2023-09-25,112,11.424599753399999,1279.5551723807998,716,11.424599753399999,Reposición
293,6,2CF67,Botas Lluvia Impermeables Pro,Mundo de Calzado,2023-09-26,109,12.539509827300005,1366.8065711757006,623,12.539509827300005,Reposición
294,42,6VC22,Sandalias Casual Verano Acolchadas,Almacenes Siman,2023-09-26,126,7.119927653400001,897.1108843284002,674,7.119927653400001,Reposición
295,21,3YB32,Sandalias Plataforma Mujer Elegantes,Hilasal (Hilandería de Centro América),2023-09-27,107,7.890463959300001,844.2796436451001,642,7.890463959300001,Reposición
296,52,8NN54,Botas Vaqueras Western Clásicas,Diana Comercial,2023-09-27,132,11.583872621100005,1529.0711859852006,663,11.583872621100005,Reposición
297,26,4QI22,Botas Fashion Urbanas Mujer,Calzado Prada El Salvador,2023-09-30,130,12.315666878100004,1601.0366941530006,681,12.315666878100004,Reposición
298,38,6LJ54,Botas de Trabajo Industrial Reforzadas,Calzado Lexus,2023-09-30,114,11.471951146500004,1307.8024307010005,675,11.471951146500004,Reposición
299,53,8TF72,Zapatos Penny Loafer Clásicos,Almacenes Siman,2023-10-01,126,14.549791698000003,1833.2737539480004,660,14.549791698000003,Reposición
300,41,6UK81,Zapatillas Tenis Clásicas Blancas,Diana Comercial,2023-10-01,121,11.110358690100002,1344.3534015021003,637,11.110358690100002,Reposición
301,61,TAG1,Botas Invierno Térmicas Impermeables,Calzado Prada El Salvador,2023-10-02,127,13.891176866700008,1764.1794620709009,673,13.891176866700008,Reposición
302,51,8LG34,Botas Militares Tácticas Combat,Adoc S.A. de C.V.,2023-10-02,114,11.1017493459,1265.5994254326,649,11.1017493459,Reposición
303,54,8UF78,Zapatillas Casual Urbanas Confort,Diana Comercial,2023-10-03,136,11.007046559700001,1496.9583321192001,701,11.007046559700001,Reposición
304,32,5TJ23,Zapatos Oxford Piel Ejecutivos,Almacenes Siman,2023-10-03,120,10.2537289422,1230.447473064,641,10.2537289422,Reposición
305,22,4HC51,Zapatillas Running Trail Mountain,Adoc S.A. de C.V.,2023-10-04,124,11.222280164700003,1391.5627404228003,698,11.222280164700003,Reposición
306,27,5BM69,Zapatillas Deportivas Running Pro,Payless ShoeSource El Salvador,2023-10-05,142,10.9123437735,1549.552815837,699,10.9123437735,Reposición
307,33,5TU10,Sandalias Sport Outdoor Trekking,Diana Comercial,2023-10-06,130,7.7441051079,1006.733664027,697,7.7441051079,Reposición
308,43,7BS71,Zapatos Derby Clásicos Oficina,Calzado Lexus,2023-10-06,131,11.183538115800001,1465.0434931698,634,11.183538115800001,Reposición
309,24,4KL66,Botas Senderismo Trail Explorer,Adoc S.A. de C.V.,2023-10-07,126,12.763352776500005,1608.1824498390006,684,12.763352776500005,Reposición
310,47,7TY55,Zapatillas Walking Confort Plus,Calzado Lexus,2023-10-08,121,11.6441380305,1408.9407016905,661,11.6441380305,Reposición
311,4,1GS46,Zapatillas Tenis Premium Leather,Calzado Prada El Salvador,2023-10-08,124,10.800422298900004,1339.2523650636006,663,10.800422298900004,Reposición
312,7,2JD29,Calzado Natación Acuático Grip,Calzado Lexus,2023-10-10,121,9.0312020658,1092.7754499618,639,9.0312020658,Reposición
313,49,8BC37,Zapatillas Basketball High Top,Diana Comercial,2023-10-10,116,8.277884448300004,960.2345960028005,690,8.277884448300004,Reposición
314,36,6BC45,Sandalias Playa Niños Coloridas,Mundo de Calzado,2023-10-16,133,5.075208405900001,675.0027179847001,684,5.075208405900001,Reposición
315,39,6PM40,Tacones Plataforma Fiesta Mujer,Hilasal (Hilandería de Centro América),2023-10-19,133,8.897757230700005,1183.4017116831008,713,8.897757230700005,Reposición
316,13,2WE71,Tacones Stiletto Mujer Elegantes,Diana Comercial,2023-10-20,116,9.03981141,1048.61812356,678,9.03981141,Reposición
317,46,7NQ22,Zapatos Piel Charol Eventos Formales,Payless ShoeSource El Salvador,2023-10-21,122,13.688857278,1670.040587916,661,13.688857278,Reposición
318,58,9OL25,Botas Trabajo Punta Acero Seguridad,Calzado Lexus,2023-10-25,112,11.2868502462,1264.1272275744,659,11.2868502462,Reposición
319,30,5GN30,Botas Montaña Hiking Adventure,Payless ShoeSource El Salvador,2023-10-28,115,10.598102710200003,1218.7818116730002,688,10.598102710200003,Reposición
320,17,3LV37,Zapatillas Running Ligeras Performance,Mundo de Calzado,2023-10-31,131,10.331213040000003,1353.3889082400003,690,10.331213040000003,Reposición
321,34,5UB78,Zapatillas Skate Urban Style,Calzado Lexus,2023-11-01,125,11.106054018,1388.25675225,775,11.106054018,Reposición
322,10,2LM04,Botas Casual Chukka Ante,Payless ShoeSource El Salvador,2023-11-02,117,13.3272648216,1559.2899841272001,797,13.3272648216,Reposición
323,19,3TU20,Zapatos Oxford Mujer Profesionales,Adoc S.A. de C.V.,2023-11-08,126,12.0746052405,1521.400260303,827,12.0746052405,Reposición
324,14,3ET67,Zapatos Loafer Borlas Ejecutivos,Mundo de Calzado,2023-11-10,133,12.711696711300005,1690.6556626029007,822,12.711696711300005,Reposición
325,23,4HJ92,Zapatos Salón Tacón Medio Oficina,Calzado Lexus,2023-11-14,109,11.2481081973,1226.0437935057,779,11.2481081973,Reposición
326,64,2EW02,Calzado Boxing Botín Competencia,Payless ShoeSource El Salvador,2023-11-15,121,9.1732562451,1109.9640056571,759,9.1732562451,Reposición
327,20,3UK92,Zapatillas Casual Canvas Juveniles,Payless ShoeSource El Salvador,2023-11-16,106,8.3338451856,883.3875896735999,816,8.3338451856,Reposición
328,15,3JK76,Sandalias Cuero Artesanales Premium,Diana Comercial,2023-11-17,115,7.899073303500001,908.3934299025001,727,7.899073303500001,Reposición
329,35,5XY10,Zapatos Tipo Brogue Premium Cuero,Calzado Prada El Salvador,2023-11-19,106,16.2974885706,1727.5337884836,782,16.2974885706,Reposición
330,8,2JD90,Calzado Boxing Botín Competencia,Calzado Prada El Salvador,2023-11-20,114,8.738484363000001,996.1872173820002,796,8.738484363000001,Reposición
331,1,0RT28,Sandalias Deportivas Acuáticas,Calzado Prada El Salvador,2023-11-21,121,5.7079952046,690.6674197566,829,5.7079952046,Reposición
332,28,5GE27,Sandalias Playa Flip-Flop Confort,Mundo de Calzado,2023-11-22,124,6.457008150000001,800.6690106000001,757,6.457008150000001,Reposición
333,37,6GH85,Calzado Ciclismo Clips Performance,Almacenes Siman,2023-11-23,126,11.3729436882,1432.9909047131998,829,11.3729436882,Reposición
334,2,1AB92,Botas Trabajo Punta Acero Seguridad,Almacenes Siman,2023-11-24,117,11.738840816700002,1373.4443755539003,788,11.738840816700002,Reposición
335,5,1TB10,Botas Invierno Térmicas Impermeables,Payless ShoeSource El Salvador,2023-11-24,127,11.837848275,1503.4067309250001,759,11.837848275,Reposición
336,63,TAG3,Calzado Natación Acuático Grip,Almacenes Siman,2023-11-26,115,8.6782189536,997.995179664,807,8.6782189536,Reposición
337,11,2RW93,Zapatillas Slip-On Casual Relax,Calzado Lexus,2023-11-27,117,10.809031643099999,1264.6567022426998,811,10.809031643099999,Reposición
338,9,2JV62,Sandalias Ortopédicas Soporte Arco,Payless ShoeSource El Salvador,2023-11-27,127,6.659327738700001,845.7346228149001,854,6.659327738700001,Reposición
339,3,1GB82,Calzado Gym Training Multisport,Adoc S.A. de C.V.,2023-11-29,122,9.7457776344,1188.9848713968,799,9.7457776344,Reposición
340,44,7BS72,Zapatillas Training CrossFit Elite,Adoc S.A. de C.V.,2023-11-29,127,11.872285651799997,1507.7802777785996,802,11.872285651799997,Reposición
341,48,7YV41,Calzado Tenis Clay Court Especial,Calzado Prada El Salvador,2023-11-29,124,10.219291565399997,1267.1921541095996,797,10.219291565399997,Reposición
342,56,9GQ28,Zapatos Monk Strap Doble Hebilla,Adoc S.A. de C.V.,2023-11-29,137,13.886872194600002,1902.5014906602003,841,13.886872194600002,Reposición
343,53,8TF72,Zapatos Penny Loafer Clásicos,Diana Comercial,2023-11-30,120,13.340178837900009,1600.8214605480011,780,13.340178837900009,Reposición
344,16,3JK90,Calzado Golf Waterproof Premium,Payless ShoeSource El Salvador,2023-12-01,113,10.826250331500002,1223.3662874595002,772,10.826250331500002,Reposición
345,12,2TK59,Sandalias Gladiador Fashion Mujer,Calzado Prada El Salvador,2023-12-01,111,6.930522081,769.287950991,759,6.930522081,Reposición
346,31,5IF41,Sandalias Tipo Huarache Tradicionales,Calzado Prada El Salvador,2023-12-01,107,6.779858557500001,725.4448656525001,780,6.779858557500001,Reposición
347,59,XS56,Calzado Gym Training Multisport,Payless ShoeSource El Salvador,2023-12-02,118,12.681564006600004,1496.4245527788005,774,12.681564006600004,Reposición
348,42,6VC22,Sandalias Casual Verano Acolchadas,Calzado Lexus,2023-12-02,110,7.240458472200001,796.4504319420001,784,7.240458472200001,Reposición
349,55,8VS71,Zapatillas Lifestyle Urban Street,Calzado Lexus,2023-12-02,126,9.6252468156,1212.7810987656,851,9.6252468156,Reposición
350,57,9OK21,Sandalias Deportivas Acuáticas,Hilasal (Hilandería de Centro América),2023-12-02,135,7.6450976496,1032.088182696,812,7.6450976496,Reposición
351,52,8NN54,Botas Vaqueras Western Clásicas,Payless ShoeSource El Salvador,2023-12-05,128,12.2467921245,1567.589391936,791,12.2467921245,Reposición
352,40,6UB33,Calzado Volleyball Indoor Pro,Almacenes Siman,2023-12-06,134,11.450427786000004,1534.3573233240006,853,11.450427786000004,Reposición
353,26,4QI22,Botas Fashion Urbanas Mujer,Hilasal (Hilandería de Centro América),2023-12-06,115,11.880894996000004,1366.3029245400005,796,11.880894996000004,Reposición
354,41,6UK81,Zapatillas Tenis Clásicas Blancas,Almacenes Siman,2023-12-07,116,12.4232836806,1441.1009069496001,753,12.4232836806,Reposición
355,25,4PJ19,Zapatos Mocasín Elegantes Sin Cordón,Diana Comercial,2023-12-08,126,14.717673909900002,1854.4269126474003,804,14.717673909900002,Reposición
356,50,8DO33,Botas Chelsea Casual Premium,Hilasal (Hilandería de Centro América),2023-12-08,117,13.960051620300005,1633.3260395751006,789,13.960051620300005,Reposición
357,18,3RE23,Botas Motociclista Protección Total,Hilasal (Hilandería de Centro América),2023-12-14,116,11.063007297,1283.3088464520001,832,11.063007297,Reposición
358,47,7TY55,Zapatillas Walking Confort Plus,Adoc S.A. de C.V.,2023-12-14,132,10.6583681196,1406.9045917872002,793,10.6583681196,Reposición
359,29,5GF68,Calzado Fútbol Tacos Profesionales,Mundo de Calzado,2023-12-14,128,10.159026156,1300.355347968,830,10.159026156,Reposición
360,32,5TJ23,Zapatos Oxford Piel Ejecutivos,Hilasal (Hilandería de Centro América),2023-12-16,116,11.966988438,1388.1706588079999,757,11.966988438,Reposición
361,38,6LJ54,Botas de Trabajo Industrial Reforzadas,Calzado Prada El Salvador,2023-12-16,130,11.5408259001,1500.307367013,805,11.5408259001,Reposición
362,60,WLCH1,Zapatillas Tenis Premium Leather,Calzado Prada El Salvador,2023-12-18,122,16.116692342400004,1966.2364657728006,804,16.116692342400004,Reposición
363,21,3YB32,Sandalias Plataforma Mujer Elegantes,Almacenes Siman,2023-12-19,123,7.636488305400001,939.2880615642001,765,7.636488305400001,Reposición
364,62,TAG2,Botas Lluvia Impermeables Pro,Almacenes Siman,2023-12-19,120,13.701771294300002,1644.2125553160004,770,13.701771294300002,Reposición
365,4,1GS46,Zapatillas Tenis Premium Leather,Payless ShoeSource El Salvador,2023-12-20,111,11.6699660631,1295.3662330041,774,11.6699660631,Reposición
366,39,6PM40,Tacones Plataforma Fiesta Mujer,Hilasal (Hilandería de Centro América),2023-12-20,108,8.682523625699998,937.7125515755998,821,8.682523625699998,Reposición
367,43,7BS71,Zapatos Derby Clásicos Oficina,Almacenes Siman,2023-12-22,107,11.2825455741,1207.2323764287,741,11.2825455741,Reposición
368,51,8LG34,Botas Militares Tácticas Combat,Payless ShoeSource El Salvador,2023-12-22,128,10.890820413,1394.025012864,777,10.890820413,Reposición
369,46,7NQ22,Zapatos Piel Charol Eventos Formales,Adoc S.A. de C.V.,2023-12-23,109,13.473623673000004,1468.6249803570004,770,13.473623673000004,Reposición
370,6,2CF67,Botas Lluvia Impermeables Pro,Calzado Lexus,2023-12-23,124,12.384541631700008,1535.683162330801,747,12.384541631700008,Reposición
371,45,7NM98,Sandalias Slides Confort Unisex,Calzado Prada El Salvador,2023-12-24,123,6.8272099506,839.7468239238001,856,6.8272099506,Reposición
372,22,4HC51,Zapatillas Running Trail Mountain,Diana Comercial,2023-12-24,118,12.771962120700001,1507.0915302426001,816,12.771962120700001,Reposición
373,54,8UF78,Zapatillas Casual Urbanas Confort,Calzado Lexus,2023-12-24,138,10.757375577900005,1484.5178297502007,839,10.757375577900005,Reposición
374,61,TAG1,Botas Invierno Térmicas Impermeables,Payless ShoeSource El Salvador,2023-12-25,124,14.666017844699999,1818.5862127428,797,14.666017844699999,Reposición
375,7,2JD29,Calzado Natación Acuático Grip,Payless ShoeSource El Salvador,2023-12-26,126,9.345443129100001,1177.5258342666002,765,9.345443129100001,Reposición
376,24,4KL66,Botas Senderismo Trail Explorer,Diana Comercial,2023-12-30,133,15.2170158735,2023.8631111754999,817,15.2170158735,Reposición
377,49,8BC37,Zapatillas Basketball High Top,Payless ShoeSource El Salvador,2023-12-31,133,8.308017153,1104.966281349,823,8.308017153,Reposición
378,27,5BM69,Zapatillas Deportivas Running Pro,Calzado Prada El Salvador,2024-01-02,117,10.0686280419,1178.0294809023,816,10.0686280419,Reposición
379,33,5TU10,Sandalias Sport Outdoor Trekking,Diana Comercial,2024-01-03,108,7.5116528145000006,811.258503966,805,7.5116528145000006,Reposición
380,34,5UB78,Zapatillas Skate Urban Style,Hilasal (Hilandería de Centro América),2024-01-06,132,10.8994297572,1438.7247279504,907,10.8994297572,Reposición
381,19,3TU20,Zapatos Oxford Mujer Profesionales,Hilasal (Hilandería de Centro América),2024-01-09,134,12.6342126135,1692.9844902090001,961,12.6342126135,Reposición
382,36,6BC45,Sandalias Playa Niños Coloridas,Mundo de Calzado,2024-01-11,129,5.208653241,671.916268089,813,5.208653241,Reposición
383,13,2WE71,Tacones Stiletto Mujer Elegantes,Diana Comercial,2024-01-13,111,8.7643123956,972.8386759115999,789,8.7643123956,Reposición
384,23,4HJ92,Zapatos Salón Tacón Medio Oficina,Calzado Lexus,2024-01-16,112,11.2567175415,1260.7523646480001,891,11.2567175415,Reposición
385,30,5GN30,Botas Montaña Hiking Adventure,Payless ShoeSource El Salvador,2024-01-18,125,10.2795569748,1284.94462185,813,10.2795569748,Reposición
386,58,9OL25,Botas Trabajo Punta Acero Seguridad,Hilasal (Hilandería de Centro América),2024-01-19,134,11.4633418023,1536.0878015082,793,11.4633418023,Reposición
387,64,2EW02,Calzado Boxing Botín Competencia,Hilasal (Hilandería de Centro América),2024-01-20,110,7.963643385000003,876.0007723500003,869,7.963643385000003,Reposición
388,17,3LV37,Zapatillas Running Ligeras Performance,Mundo de Calzado,2024-01-21,124,10.5077045961,1302.9553699164,814,10.5077045961,Reposición
389,1,0RT28,Sandalias Deportivas Acuáticas,Hilasal (Hilandería de Centro América),2024-01-23,128,6.2288605287,797.2941476736,957,6.2288605287,Reposición
390,14,3ET67,Zapatos Loafer Borlas Ejecutivos,Adoc S.A. de C.V.,2024-01-27,115,13.318655477400002,1531.6453799010003,937,13.318655477400002,Reposición
391,2,1AB92,Botas Trabajo Punta Acero Seguridad,Diana Comercial,2024-01-29,131,10.9037344293,1428.3892102383,919,10.9037344293,Reposición
392,10,2LM04,Botas Casual Chukka Ante,Almacenes Siman,2024-01-29,119,12.393150975900001,1474.7849661321002,916,12.393150975900001,Reposición
393,20,3UK92,Zapatillas Casual Canvas Juveniles,Calzado Lexus,2024-02-02,107,9.465973947900004,1012.8592124253004,923,9.465973947900004,Reposición
394,16,3JK90,Calzado Golf Waterproof Premium,Mundo de Calzado,2024-02-04,110,10.877906396700002,1196.5697036370002,882,10.877906396700002,Reposición
395,44,7BS72,Zapatillas Training CrossFit Elite,Almacenes Siman,2024-02-05,114,12.858055562700002,1465.8183341478002,916,12.858055562700002,Reposición
396,26,4QI22,Botas Fashion Urbanas Mujer,Payless ShoeSource El Salvador,2024-02-05,117,11.433209097599999,1337.6854644192,913,11.433209097599999,Reposición
397,57,9OK21,Sandalias Deportivas Acuáticas,Diana Comercial,2024-02-06,136,7.4341687166999995,1011.0469454711999,948,7.4341687166999995,Reposición
398,41,6UK81,Zapatillas Tenis Clásicas Blancas,Calzado Prada El Salvador,2024-02-07,126,11.786192209800001,1485.0602184348002,879,11.786192209800001,Reposición
399,15,3JK76,Sandalias Cuero Artesanales Premium,Payless ShoeSource El Salvador,2024-02-07,111,7.287809865300001,808.9468950483001,838,7.287809865300001,Reposición
400,37,6GH85,Calzado Ciclismo Clips Performance,Mundo de Calzado,2024-02-09,133,9.577895422500001,1273.8600911925002,962,9.577895422500001,Reposición
401,28,5GE27,Sandalias Playa Flip-Flop Confort,Adoc S.A. de C.V.,2024-02-10,129,6.939131425199999,895.1479538507999,886,6.939131425199999,Reposición
402,8,2JD90,Calzado Boxing Botín Competencia,Calzado Lexus,2024-02-10,123,8.8202731329,1084.8935953467,919,8.8202731329,Reposición
403,35,5XY10,Zapatos Tipo Brogue Premium Cuero,Diana Comercial,2024-02-10,107,17.042196843900008,1823.5150622973008,889,17.042196843900008,Reposición
404,56,9GQ28,Zapatos Monk Strap Doble Hebilla,Payless ShoeSource El Salvador,2024-02-11,129,15.049133661600003,1941.3382423464004,970,15.049133661600003,Reposición
405,53,8TF72,Zapatos Penny Loafer Clásicos,Almacenes Siman,2024-02-13,132,13.9643562924,1843.2950305968,912,13.9643562924,Reposición
406,9,2JV62,Sandalias Ortopédicas Soporte Arco,Calzado Lexus,2024-02-14,128,7.115622981300001,910.7997416064002,982,7.115622981300001,Reposición
407,48,7YV41,Calzado Tenis Clay Court Especial,Calzado Lexus,2024-02-14,110,11.807715570300001,1298.8487127330002,907,11.807715570300001,Reposición
408,3,1GB82,Calzado Gym Training Multisport,Payless ShoeSource El Salvador,2024-02-17,113,11.7173174562,1324.0568725506,912,11.7173174562,Reposición
409,29,5GF68,Calzado Fútbol Tacos Profesionales,Diana Comercial,2024-02-18,128,10.2279009096,1309.1713164288,958,10.2279009096,Reposición
410,5,1TB10,Botas Invierno Térmicas Impermeables,Almacenes Siman,2024-02-18,133,11.222280164700003,1492.5632619051003,892,11.222280164700003,Reposición
411,52,8NN54,Botas Vaqueras Western Clásicas,Almacenes Siman,2024-02-18,129,12.057386552099999,1555.4028652209,920,12.057386552099999,Reposición
412,63,TAG3,Calzado Natación Acuático Grip,Adoc S.A. de C.V.,2024-02-19,121,8.574906823200001,1037.5637256072,928,8.574906823200001,Reposición
413,11,2RW93,Zapatillas Slip-On Casual Relax,Adoc S.A. de C.V.,2024-02-20,129,9.1517328846,1180.5735421134,940,9.1517328846,Reposición
414,55,8VS71,Zapatillas Lifestyle Urban Street,Calzado Lexus,2024-02-20,125,9.435841243200004,1179.4801554000005,976,9.435841243200004,Reposición
415,4,1GS46,Zapatillas Tenis Premium Leather,Calzado Lexus,2024-02-21,122,12.332885566500003,1504.6120391130005,896,12.332885566500003,Reposición
416,12,2TK59,Sandalias Gladiador Fashion Mujer,Payless ShoeSource El Salvador,2024-02-22,128,7.033834211400002,900.3307790592003,887,7.033834211400002,Reposición
417,59,XS56,Calzado Gym Training Multisport,Payless ShoeSource El Salvador,2024-02-22,106,11.278240902,1195.493535612,880,11.278240902,Reposición
418,7,2JD29,Calzado Natación Acuático Grip,Payless ShoeSource El Salvador,2024-02-25,121,8.363977890300005,1012.0413247263006,886,8.363977890300005,Reposición
419,22,4HC51,Zapatillas Running Trail Mountain,Hilasal (Hilandería de Centro América),2024-02-25,124,12.840836874300004,1592.2637724132005,940,12.840836874300004,Reposición
420,51,8LG34,Botas Militares Tácticas Combat,Almacenes Siman,2024-02-25,119,10.9639998387,1304.7159808053,896,10.9639998387,Reposición
421,31,5IF41,Sandalias Tipo Huarache Tradicionales,Diana Comercial,2024-02-26,115,7.089794948700002,815.3264191005002,895,7.089794948700002,Reposición
422,42,6VC22,Sandalias Casual Verano Acolchadas,Calzado Prada El Salvador,2024-02-26,120,7.059662244000001,847.1594692800002,904,7.059662244000001,Reposición
423,43,7BS71,Zapatos Derby Clásicos Oficina,Calzado Prada El Salvador,2024-02-27,129,12.0918239289,1559.8452868281001,870,12.0918239289,Reposición
424,62,TAG2,Botas Lluvia Impermeables Pro,Calzado Lexus,2024-02-28,123,13.598459163900005,1672.6104771597006,893,13.598459163900005,Reposición
425,25,4PJ19,Zapatos Mocasín Elegantes Sin Cordón,Almacenes Siman,2024-02-28,125,13.3229601495,1665.3700186875,929,13.3229601495,Reposición
426,60,WLCH1,Zapatillas Tenis Premium Leather,Calzado Lexus,2024-02-28,122,14.377604814000003,1754.0677873080003,926,14.377604814000003,Reposición
427,45,7NM98,Sandalias Slides Confort Unisex,Hilasal (Hilandería de Centro América),2024-03-01,129,7.490129454000001,966.2266995660001,985,7.490129454000001,Reposición
428,21,3YB32,Sandalias Plataforma Mujer Elegantes,Calzado Lexus,2024-03-01,123,8.708351658300003,1071.1272539709005,888,8.708351658300003,Reposición
429,50,8DO33,Botas Chelsea Casual Premium,Almacenes Siman,2024-03-02,114,12.883883595300002,1468.7627298642003,903,12.883883595300002,Reposición
430,40,6UB33,Calzado Volleyball Indoor Pro,Hilasal (Hilandería de Centro América),2024-03-02,124,11.992816470600001,1487.1092423544,977,11.992816470600001,Reposición
431,46,7NQ22,Zapatos Piel Charol Eventos Formales,Payless ShoeSource El Salvador,2024-03-06,122,12.1133472894,1477.8283693068,892,12.1133472894,Reposición
432,38,6LJ54,Botas de Trabajo Industrial Reforzadas,Mundo de Calzado,2024-03-06,130,10.3699550889,1348.094161557,935,10.3699550889,Reposición
433,49,8BC37,Zapatillas Basketball High Top,Diana Comercial,2024-03-08,123,8.992460016900003,1106.0725820787004,946,8.992460016900003,Reposición
434,47,7TY55,Zapatillas Walking Confort Plus,Hilasal (Hilandería de Centro América),2024-03-09,123,10.6497587754,1309.9203293742,916,10.6497587754,Reposición
435,18,3RE23,Botas Motociclista Protección Total,Calzado Prada El Salvador,2024-03-10,127,11.786192209800001,1496.8464106446002,959,11.786192209800001,Reposición
436,33,5TU10,Sandalias Sport Outdoor Trekking,Adoc S.A. de C.V.,2024-03-10,113,7.752714452100003,876.0567330873004,918,7.752714452100003,Reposición
437,61,TAG1,Botas Invierno Térmicas Impermeables,Payless ShoeSource El Salvador,2024-03-12,112,13.774950720000007,1542.7944806400008,909,13.774950720000007,Reposición
438,54,8UF78,Zapatillas Casual Urbanas Confort,Adoc S.A. de C.V.,2024-03-13,117,12.638517285600003,1478.7065224152002,956,12.638517285600003,Reposición
439,32,5TJ23,Zapatos Oxford Piel Ejecutivos,Mundo de Calzado,2024-03-14,117,12.3759322875,1447.9840776375,874,12.3759322875,Reposición
440,13,2WE71,Tacones Stiletto Mujer Elegantes,Calzado Prada El Salvador,2024-03-14,115,8.3898059229,964.8276811335,904,8.3898059229,Reposición
441,39,6PM40,Tacones Plataforma Fiesta Mujer,Almacenes Siman,2024-03-16,112,9.5305440294,1067.4209312927999,933,9.5305440294,Reposición
442,6,2CF67,Botas Lluvia Impermeables Pro,Almacenes Siman,2024-03-17,105,11.764668849300008,1235.2902291765008,852,11.764668849300008,Reposición
443,34,5UB78,Zapatillas Skate Urban Style,Calzado Prada El Salvador,2024-03-20,119,10.9037344293,1297.5443970867,1026,10.9037344293,Reposición
444,24,4KL66,Botas Senderismo Trail Explorer,Mundo de Calzado,2024-03-22,121,13.4908423614,1632.3919257294,938,13.4908423614,Reposición
445,30,5GN30,Botas Montaña Hiking Adventure,Hilasal (Hilandería de Centro América),2024-03-23,118,9.5649814062,1128.6678059316,931,9.5649814062,Reposición
446,17,3LV37,Zapatillas Running Ligeras Performance,Hilasal (Hilandería de Centro América),2024-03-25,113,11.945465077500005,1349.8375537575005,927,11.945465077500005,Reposición
447,58,9OL25,Botas Trabajo Punta Acero Seguridad,Calzado Prada El Salvador,2024-03-25,115,10.976913855000001,1262.345093325,908,10.976913855000001,Reposición
448,19,3TU20,Zapatos Oxford Mujer Profesionales,Mundo de Calzado,2024-03-27,124,12.5093771226,1551.1627632024001,1085,12.5093771226,Reposición
449,27,5BM69,Zapatillas Deportivas Running Pro,Almacenes Siman,2024-03-28,123,9.6209421435,1183.3758836505,939,9.6209421435,Reposición
450,23,4HJ92,Zapatos Salón Tacón Medio Oficina,Almacenes Siman,2024-04-02,123,12.836532202199999,1578.8934608706,1014,12.836532202199999,Reposición
451,10,2LM04,Botas Casual Chukka Ante,Adoc S.A. de C.V.,2024-04-02,109,13.383225558900003,1458.7715859201003,1025,13.383225558900003,Reposición
452,36,6BC45,Sandalias Playa Niños Coloridas,Payless ShoeSource El Salvador,2024-04-06,121,5.273223322499999,638.0600220224999,934,5.273223322499999,Reposición
453,16,3JK90,Calzado Golf Waterproof Premium,Calzado Prada El Salvador,2024-04-08,114,11.058702624900002,1260.6920992386003,996,11.058702624900002,Reposición
454,44,7BS72,Zapatillas Training CrossFit Elite,Almacenes Siman,2024-04-08,126,11.7259268004,1477.4667768504,1042,11.7259268004,Reposición
455,64,2EW02,Calzado Boxing Botín Competencia,Almacenes Siman,2024-04-10,115,8.652390921000004,995.0249559150004,984,8.652390921000004,Reposición
456,37,6GH85,Calzado Ciclismo Clips Performance,Calzado Prada El Salvador,2024-04-11,138,10.8520783641,1497.5868142458,1100,10.8520783641,Reposición
457,2,1AB92,Botas Trabajo Punta Acero Seguridad,Payless ShoeSource El Salvador,2024-04-13,129,10.783203610500003,1391.0332657545005,1048,10.783203610500003,Reposición
458,57,9OK21,Sandalias Deportivas Acuáticas,Diana Comercial,2024-04-16,122,7.085490276600001,864.4298137452001,1070,7.085490276600001,Reposición
459,1,0RT28,Sandalias Deportivas Acuáticas,Adoc S.A. de C.V.,2024-04-16,119,6.504359543100001,774.0187856289002,1076,6.504359543100001,Reposición
460,26,4QI22,Botas Fashion Urbanas Mujer,Mundo de Calzado,2024-04-18,137,13.206734002800001,1809.3225583836002,1050,13.206734002800001,Reposición
461,53,8TF72,Zapatos Penny Loafer Clásicos,Calzado Lexus,2024-04-18,128,13.4779283451,1725.1748281728,1040,13.4779283451,Reposición
462,35,5XY10,Zapatos Tipo Brogue Premium Cuero,Diana Comercial,2024-04-19,127,16.2243091449,2060.4872614023,1016,16.2243091449,Reposición
463,8,2JD90,Calzado Boxing Botín Competencia,Payless ShoeSource El Salvador,2024-04-19,129,8.966631984300001,1156.6955259747,1048,8.966631984300001,Reposición
464,63,TAG3,Calzado Natación Acuático Grip,Almacenes Siman,2024-04-19,134,9.6338561598,1290.9367254132,1062,9.6338561598,Reposición
465,20,3UK92,Zapatillas Casual Canvas Juveniles,Adoc S.A. de C.V.,2024-04-21,121,9.513325341000003,1151.1123662610005,1044,9.513325341000003,Reposición
466,28,5GE27,Sandalias Playa Flip-Flop Confort,Mundo de Calzado,2024-04-22,119,6.009322251600004,715.1093479404004,1005,6.009322251600004,Reposición
467,3,1GB82,Calzado Gym Training Multisport,Calzado Prada El Salvador,2024-04-22,118,10.580884021800001,1248.5443145724,1030,10.580884021800001,Reposición
468,9,2JV62,Sandalias Ortopédicas Soporte Arco,Almacenes Siman,2024-04-22,118,6.9477407694,819.8334107892,1100,6.9477407694,Reposición
469,11,2RW93,Zapatillas Slip-On Casual Relax,Calzado Prada El Salvador,2024-04-23,116,9.117295507800003,1057.6062789048003,1056,9.117295507800003,Reposición
470,52,8NN54,Botas Vaqueras Western Clásicas,Almacenes Siman,2024-04-24,129,11.799106226100005,1522.0847031669007,1049,11.799106226100005,Reposición
471,14,3ET67,Zapatos Loafer Borlas Ejecutivos,Payless ShoeSource El Salvador,2024-04-26,127,12.220964091899999,1552.0624396713,1064,12.220964091899999,Reposición
472,31,5IF41,Sandalias Tipo Huarache Tradicionales,Payless ShoeSource El Salvador,2024-04-26,127,7.404036012,940.312573524,1022,7.404036012,Reposición
473,41,6UK81,Zapatillas Tenis Clásicas Blancas,Calzado Lexus,2024-04-27,114,11.9110277007,1357.8571578798,993,11.9110277007,Reposición
474,29,5GF68,Calzado Fútbol Tacos Profesionales,Calzado Lexus,2024-04-29,119,8.4586806765,1006.5830005035,1077,8.4586806765,Reposición
475,43,7BS71,Zapatos Derby Clásicos Oficina,Almacenes Siman,2024-05-01,125,12.582556548300003,1572.8195685375003,995,12.582556548300003,Reposición
476,15,3JK76,Sandalias Cuero Artesanales Premium,Diana Comercial,2024-05-03,122,8.398415267100003,1024.6066625862004,960,8.398415267100003,Reposición
477,48,7YV41,Calzado Tenis Clay Court Especial,Payless ShoeSource El Salvador,2024-05-03,108,11.570958604800001,1249.6635293184002,1015,11.570958604800001,Reposición
478,56,9GQ28,Zapatos Monk Strap Doble Hebilla,Hilasal (Hilandería de Centro América),2024-05-03,121,14.485221616500004,1752.7118155965004,1091,14.485221616500004,Reposición
479,5,1TB10,Botas Invierno Térmicas Impermeables,Payless ShoeSource El Salvador,2024-05-04,128,11.9755977822,1532.8765161216,1020,11.9755977822,Reposición
480,25,4PJ19,Zapatos Mocasín Elegantes Sin Cordón,Calzado Prada El Salvador,2024-05-05,113,15.789537262800003,1784.2177106964004,1042,15.789537262800003,Reposición
481,42,6VC22,Sandalias Casual Verano Acolchadas,Diana Comercial,2024-05-05,122,6.990787490399999,852.8760738287999,1026,6.990787490399999,Reposición
482,47,7TY55,Zapatillas Walking Confort Plus,Calzado Lexus,2024-05-09,117,10.391478449400005,1215.8029785798005,1033,10.391478449400005,Reposición
483,21,3YB32,Sandalias Plataforma Mujer Elegantes,Mundo de Calzado,2024-05-10,107,9.211998294000004,985.6838174580005,995,9.211998294000004,Reposición
484,50,8DO33,Botas Chelsea Casual Premium,Diana Comercial,2024-05-11,123,13.525279738200004,1663.6094077986004,1026,13.525279738200004,Reposición
485,46,7NQ22,Zapatos Piel Charol Eventos Formales,Almacenes Siman,2024-05-12,129,14.183894569500008,1829.722399465501,1021,14.183894569500008,Reposición
486,55,8VS71,Zapatillas Lifestyle Urban Street,Calzado Lexus,2024-05-12,116,9.521934685200005,1104.5444234832005,1092,9.521934685200005,Reposición
487,51,8LG34,Botas Militares Tácticas Combat,Payless ShoeSource El Salvador,2024-05-14,113,11.054397952799999,1249.1469686663997,1009,11.054397952799999,Reposición
488,60,WLCH1,Zapatillas Tenis Premium Leather,Calzado Prada El Salvador,2024-05-14,120,14.971649563800009,1796.597947656001,1046,14.971649563800009,Reposición
489,12,2TK59,Sandalias Gladiador Fashion Mujer,Mundo de Calzado,2024-05-15,117,5.936142825899999,694.5287106302999,1004,5.936142825899999,Reposición
490,7,2JD29,Calzado Natación Acuático Grip,Calzado Lexus,2024-05-17,110,9.577895422500001,1053.568496475,996,9.577895422500001,Reposición
491,13,2WE71,Tacones Stiletto Mujer Elegantes,Payless ShoeSource El Salvador,2024-05-17,120,9.418622554799999,1130.2347065759998,1024,9.418622554799999,Reposición
492,59,XS56,Calzado Gym Training Multisport,Mundo de Calzado,2024-05-19,127,11.575263276900005,1470.0584361663007,1007,11.575263276900005,Reposición
493,4,1GS46,Zapatillas Tenis Premium Leather,Adoc S.A. de C.V.,2024-05-20,114,11.243803525200004,1281.7936018728005,1010,11.243803525200004,Reposición
494,45,7NM98,Sandalias Slides Confort Unisex,Payless ShoeSource El Salvador,2024-05-24,129,7.498738798200003,967.3373049678004,1114,7.498738798200003,Reposición
495,40,6UB33,Calzado Volleyball Indoor Pro,Diana Comercial,2024-05-24,123,11.4159904092,1404.1668203316,1100,11.4159904092,Reposición
496,22,4HC51,Zapatillas Running Trail Mountain,Calzado Prada El Salvador,2024-05-24,117,12.767657448600003,1493.8159214862003,1057,12.767657448600003,Reposición
497,38,6LJ54,Botas de Trabajo Industrial Reforzadas,Almacenes Siman,2024-05-25,118,11.579567949000003,1366.3890179820003,1053,11.579567949000003,Reposición
498,62,TAG2,Botas Lluvia Impermeables Pro,Calzado Lexus,2024-05-26,115,14.3689954698,1652.434479027,1008,14.3689954698,Reposición
499,32,5TJ23,Zapatos Oxford Piel Ejecutivos,Adoc S.A. de C.V.,2024-05-27,113,11.278240902,1274.441221926,987,11.278240902,Reposición
500,30,5GN30,Botas Montaña Hiking Adventure,Hilasal (Hilandería de Centro América),2024-05-28,131,9.629551487700004,1261.4712448887005,1062,9.629551487700004,Reposición
501,27,5BM69,Zapatillas Deportivas Running Pro,Mundo de Calzado,2024-05-28,135,10.572274677600005,1427.2570814760006,1074,10.572274677600005,Reposición
502,18,3RE23,Botas Motociclista Protección Total,Hilasal (Hilandería de Centro América),2024-05-29,137,10.417306482,1427.1709880340002,1096,10.417306482,Reposición
503,49,8BC37,Zapatillas Basketball High Top,Calzado Prada El Salvador,2024-05-30,122,9.5520673899,1165.3522215678,1068,9.5520673899,Reposición
504,61,TAG1,Botas Invierno Térmicas Impermeables,Almacenes Siman,2024-05-31,116,12.9828910536,1506.0153622175999,1025,12.9828910536,Reposición
505,58,9OL25,Botas Trabajo Punta Acero Seguridad,Hilasal (Hilandería de Centro América),2024-06-04,112,9.8361757485,1101.6516838320001,1020,9.8361757485,Reposición
506,54,8UF78,Zapatillas Casual Urbanas Confort,Mundo de Calzado,2024-06-04,124,11.028569920200002,1367.5426701048002,1080,11.028569920200002,Reposición
507,24,4KL66,Botas Senderismo Trail Explorer,Calzado Lexus,2024-06-07,139,12.819313513800003,1781.8845784182004,1077,12.819313513800003,Reposición
508,33,5TU10,Sandalias Sport Outdoor Trekking,Diana Comercial,2024-06-08,123,7.911987319800002,973.1744403354003,1041,7.911987319800002,Reposición
509,23,4HJ92,Zapatos Salón Tacón Medio Oficina,Adoc S.A. de C.V.,2024-06-08,115,12.1736126988,1399.965460362,1129,12.1736126988,Reposición
510,17,3LV37,Zapatillas Running Ligeras Performance,Hilasal (Hilandería de Centro América),2024-06-09,127,11.1318820506,1413.7490204261999,1054,11.1318820506,Reposición
511,34,5UB78,Zapatillas Skate Urban Style,Calzado Prada El Salvador,2024-06-14,115,10.417306482,1197.9902454300002,1141,10.417306482,Reposición
512,39,6PM40,Tacones Plataforma Fiesta Mujer,Hilasal (Hilandería de Centro América),2024-06-14,132,9.698426241300004,1280.1922638516005,1065,9.698426241300004,Reposición
513,6,2CF67,Botas Lluvia Impermeables Pro,Diana Comercial,2024-06-14,112,11.127577378500005,1246.2886663920006,964,11.127577378500005,Reposición
514,2,1AB92,Botas Trabajo Punta Acero Seguridad,Calzado Lexus,2024-06-16,133,10.632540087000004,1414.1278315710006,1181,10.632540087000004,Reposición
515,37,6GH85,Calzado Ciclismo Clips Performance,Adoc S.A. de C.V.,2024-06-16,119,10.335517712100003,1229.9266077399004,1219,10.335517712100003,Reposición
516,1,0RT28,Sandalias Deportivas Acuáticas,Calzado Lexus,2024-06-17,118,6.233165200800001,735.5134936944002,1194,6.233165200800001,Reposición
517,44,7BS72,Zapatillas Training CrossFit Elite,Hilasal (Hilandería de Centro América),2024-06-20,112,11.570958604800001,1295.9473637376002,1154,11.570958604800001,Reposición
518,57,9OK21,Sandalias Deportivas Acuáticas,Almacenes Siman,2024-06-20,114,7.231849128,824.4308005920001,1184,7.231849128,Reposición
519,19,3TU20,Zapatos Oxford Mujer Profesionales,Almacenes Siman,2024-06-21,134,11.1318820506,1491.6721947803999,1219,11.1318820506,Reposición
520,9,2JV62,Sandalias Ortopédicas Soporte Arco,Adoc S.A. de C.V.,2024-06-22,117,6.2719072497,733.8131482149,1217,6.2719072497,Reposición
521,20,3UK92,Zapatillas Casual Canvas Juveniles,Calzado Lexus,2024-06-22,112,9.203388949799999,1030.7795623775999,1156,9.203388949799999,Reposición
522,63,TAG3,Calzado Natación Acuático Grip,Diana Comercial,2024-06-24,109,8.910671247,971.263165923,1171,8.910671247,Reposición
523,35,5XY10,Zapatos Tipo Brogue Premium Cuero,Hilasal (Hilandería de Centro América),2024-06-27,125,15.888544721099999,1986.0680901375,1141,15.888544721099999,Reposición
524,36,6BC45,Sandalias Playa Niños Coloridas,Mundo de Calzado,2024-06-28,129,4.4983823445,580.2913224405,1063,4.4983823445,Reposición
525,10,2LM04,Botas Casual Chukka Ante,Adoc S.A. de C.V.,2024-06-29,108,13.340178837900009,1440.739314493201,1133,13.340178837900009,Reposición
526,53,8TF72,Zapatos Penny Loafer Clásicos,Almacenes Siman,2024-06-30,129,13.133554577100007,1694.228540445901,1169,13.133554577100007,Reposición
527,52,8NN54,Botas Vaqueras Western Clásicas,Hilasal (Hilandería de Centro América),2024-07-01,133,10.675586808000004,1419.8530454640006,1182,10.675586808000004,Reposición
528,56,9GQ28,Zapatos Monk Strap Doble Hebilla,Hilasal (Hilandería de Centro América),2024-07-02,133,16.1339110308,2145.8101670964,1224,16.1339110308,Reposición
529,3,1GB82,Calzado Gym Training Multisport,Calzado Lexus,2024-07-03,108,9.7457776344,1052.5439845152,1138,9.7457776344,Reposición
530,31,5IF41,Sandalias Tipo Huarache Tradicionales,Diana Comercial,2024-07-03,118,6.6808510992,788.3404297056,1140,6.6808510992,Reposición
531,64,2EW02,Calzado Boxing Botín Competencia,Calzado Prada El Salvador,2024-07-04,114,8.669609609400004,988.3354954716004,1098,8.669609609400004,Reposición
532,28,5GE27,Sandalias Playa Flip-Flop Confort,Calzado Lexus,2024-07-05,110,6.474226838400001,712.1649522240001,1115,6.474226838400001,Reposición
533,42,6VC22,Sandalias Casual Verano Acolchadas,Adoc S.A. de C.V.,2024-07-06,129,6.435484789500001,830.1775378455002,1155,6.435484789500001,Reposición
534,16,3JK90,Calzado Golf Waterproof Premium,Calzado Lexus,2024-07-06,125,10.3226036958,1290.325461975,1121,10.3226036958,Reposición
535,8,2JD90,Calzado Boxing Botín Competencia,Almacenes Siman,2024-07-07,130,9.917964518400002,1289.3353873920003,1178,9.917964518400002,Reposición
536,41,6UK81,Zapatillas Tenis Clásicas Blancas,Almacenes Siman,2024-07-09,109,11.385857704500003,1241.0584897905003,1102,11.385857704500003,Reposición
537,29,5GF68,Calzado Fútbol Tacos Profesionales,Almacenes Siman,2024-07-10,122,8.824577804999999,1076.59849221,1199,8.824577804999999,Reposición
538,21,3YB32,Sandalias Plataforma Mujer Elegantes,Calzado Prada El Salvador,2024-07-10,110,8.747093707200001,962.1803077920001,1105,8.747093707200001,Reposición
539,51,8LG34,Botas Militares Tácticas Combat,Almacenes Siman,2024-07-14,111,12.681564006600004,1407.6536047326003,1120,12.681564006600004,Reposición
540,26,4QI22,Botas Fashion Urbanas Mujer,Mundo de Calzado,2024-07-14,130,13.1249452329,1706.242880277,1180,13.1249452329,Reposición
541,14,3ET67,Zapatos Loafer Borlas Ejecutivos,Mundo de Calzado,2024-07-15,116,11.799106226100005,1368.6963222276006,1180,11.799106226100005,Reposición
542,5,1TB10,Botas Invierno Térmicas Impermeables,Diana Comercial,2024-07-17,121,13.0216331025,1575.6176054025,1141,13.0216331025,Reposición
543,43,7BS71,Zapatos Derby Clásicos Oficina,Mundo de Calzado,2024-07-19,128,10.7401568895,1374.740081856,1123,10.7401568895,Reposición
544,7,2JD29,Calzado Natación Acuático Grip,Calzado Prada El Salvador,2024-07-19,129,8.174572317900001,1054.5198290091,1125,8.174572317900001,Reposición
545,50,8DO33,Botas Chelsea Casual Premium,Almacenes Siman,2024-07-21,108,13.211038674900003,1426.7921768892004,1134,13.211038674900003,Reposición
546,11,2RW93,Zapatillas Slip-On Casual Relax,Hilasal (Hilandería de Centro América),2024-07-22,122,10.809031643099999,1318.7018604582,1178,10.809031643099999,Reposición
547,48,7YV41,Calzado Tenis Clay Court Especial,Calzado Prada El Salvador,2024-07-22,131,11.7259268004,1536.0964108524,1146,11.7259268004,Reposición
548,15,3JK76,Sandalias Cuero Artesanales Premium,Hilasal (Hilandería de Centro América),2024-07-24,108,8.230533055199999,888.8975699615999,1068,8.230533055199999,Reposición
549,47,7TY55,Zapatillas Walking Confort Plus,Diana Comercial,2024-07-24,117,11.605395981600001,1357.8313298472,1150,11.605395981600001,Reposición
550,59,XS56,Calzado Gym Training Multisport,Almacenes Siman,2024-07-26,126,11.4159904092,1438.4147915592,1133,11.4159904092,Reposición
551,60,WLCH1,Zapatillas Tenis Premium Leather,Payless ShoeSource El Salvador,2024-07-26,117,17.059415532300008,1995.951617279101,1163,17.059415532300008,Reposición
552,12,2TK59,Sandalias Gladiador Fashion Mujer,Mundo de Calzado,2024-07-31,110,6.147071758800002,676.1778934680002,1114,6.147071758800002,Reposición
553,25,4PJ19,Zapatos Mocasín Elegantes Sin Cordón,Diana Comercial,2024-08-02,107,13.6759432617,1463.3259290019,1149,13.6759432617,Reposición
554,40,6UB33,Calzado Volleyball Indoor Pro,Hilasal (Hilandería de Centro América),2024-08-05,118,11.4030763929,1345.5630143622,1218,11.4030763929,Reposición
555,54,8UF78,Zapatillas Casual Urbanas Confort,Almacenes Siman,2024-08-06,140,10.692805496400004,1496.9927694960006,1220,10.692805496400004,Reposición
556,46,7NQ22,Zapatos Piel Charol Eventos Formales,Adoc S.A. de C.V.,2024-08-06,131,12.5309004831,1641.5479632861,1152,12.5309004831,Reposición
557,55,8VS71,Zapatillas Lifestyle Urban Street,Adoc S.A. de C.V.,2024-08-07,130,10.206377549100004,1326.8290813830006,1222,10.206377549100004,Reposición
558,24,4KL66,Botas Senderismo Trail Explorer,Hilasal (Hilandería de Centro América),2024-08-08,129,14.6961505494,1895.8034208726,1206,14.6961505494,Reposición
559,45,7NM98,Sandalias Slides Confort Unisex,Hilasal (Hilandería de Centro América),2024-08-10,138,7.903377975600001,1090.6661606328,1252,7.903377975600001,Reposición
560,4,1GS46,Zapatillas Tenis Premium Leather,Adoc S.A. de C.V.,2024-08-10,118,12.660040646100004,1493.8847962398004,1128,12.660040646100004,Reposición
561,22,4HC51,Zapatillas Running Trail Mountain,Adoc S.A. de C.V.,2024-08-11,112,13.0775938398,1464.6905100576,1169,13.0775938398,Reposición
562,30,5GN30,Botas Montaña Hiking Adventure,Diana Comercial,2024-08-11,114,10.4990952519,1196.8968587166,1176,10.4990952519,Reposición
563,38,6LJ54,Botas de Trabajo Industrial Reforzadas,Diana Comercial,2024-08-12,130,11.273936229900002,1465.6117098870002,1183,11.273936229900002,Reposición
564,61,TAG1,Botas Invierno Térmicas Impermeables,Adoc S.A. de C.V.,2024-08-12,117,13.538193754500002,1583.9686692765001,1142,13.538193754500002,Reposición
565,13,2WE71,Tacones Stiletto Mujer Elegantes,Calzado Lexus,2024-08-14,111,8.652390921000004,960.4153922310004,1135,8.652390921000004,Reposición
566,18,3RE23,Botas Motociclista Protección Total,Hilasal (Hilandería de Centro América),2024-08-15,112,11.519302539600003,1290.1618844352004,1208,11.519302539600003,Reposición
567,23,4HJ92,Zapatos Salón Tacón Medio Oficina,Diana Comercial,2024-08-15,129,11.390162376600005,1469.3309465814007,1258,11.390162376600005,Reposición
568,37,6GH85,Calzado Ciclismo Clips Performance,Diana Comercial,2024-08-16,132,10.133198123400001,1337.5821522888002,1351,10.133198123400001,Reposición
569,6,2CF67,Botas Lluvia Impermeables Pro,Mundo de Calzado,2024-08-16,103,12.0487772079,1241.0240524137,1067,12.0487772079,Reposición
570,27,5BM69,Zapatillas Deportivas Running Pro,Calzado Prada El Salvador,2024-08-17,114,9.8232617322,1119.8518374708,1188,9.8232617322,Reposición
571,49,8BC37,Zapatillas Basketball High Top,Adoc S.A. de C.V.,2024-08-19,136,8.3898059229,1141.0136055144,1204,8.3898059229,Reposición
572,32,5TJ23,Zapatos Oxford Piel Ejecutivos,Calzado Prada El Salvador,2024-08-19,109,11.424599753399999,1245.2813731206,1096,11.424599753399999,Reposición
573,58,9OL25,Botas Trabajo Punta Acero Seguridad,Calzado Prada El Salvador,2024-08-21,119,11.6441380305,1385.6524256295002,1139,11.6441380305,Reposición
574,34,5UB78,Zapatillas Skate Urban Style,Payless ShoeSource El Salvador,2024-08-22,127,9.642465503999999,1224.5931190079998,1268,9.642465503999999,Reposición
575,62,TAG2,Botas Lluvia Impermeables Pro,Diana Comercial,2024-08-23,129,15.410726118000001,1987.9836692220001,1137,15.410726118000001,Reposición
576,17,3LV37,Zapatillas Running Ligeras Performance,Hilasal (Hilandería de Centro América),2024-08-24,128,10.933867134,1399.534993152,1182,10.933867134,Reposición
577,39,6PM40,Tacones Plataforma Fiesta Mujer,Calzado Lexus,2024-08-25,114,8.686828297800002,990.2984259492002,1179,8.686828297800002,Reposición
578,44,7BS72,Zapatillas Training CrossFit Elite,Calzado Lexus,2024-08-28,114,12.7030873671,1448.1519598494,1268,12.7030873671,Reposición
579,2,1AB92,Botas Trabajo Punta Acero Seguridad,Diana Comercial,2024-09-02,110,10.679891480100004,1174.7880628110004,1291,10.679891480100004,Reposición
580,63,TAG3,Calzado Natación Acuático Grip,Payless ShoeSource El Salvador,2024-09-03,109,9.4918019805,1034.6064158745,1280,9.4918019805,Reposición
581,1,0RT28,Sandalias Deportivas Acuáticas,Calzado Prada El Salvador,2024-09-04,115,6.233165200800001,716.8139980920001,1309,6.233165200800001,Reposición
582,33,5TU10,Sandalias Sport Outdoor Trekking,Mundo de Calzado,2024-09-04,132,7.683839698500002,1014.2668402020003,1173,7.683839698500002,Reposición
583,31,5IF41,Sandalias Tipo Huarache Tradicionales,Almacenes Siman,2024-09-08,125,7.6321836333,954.0229541625,1265,7.6321836333,Reposición
584,16,3JK90,Calzado Golf Waterproof Premium,Hilasal (Hilandería de Centro América),2024-09-09,108,11.3729436882,1228.2779183256,1229,11.3729436882,Reposición
585,9,2JV62,Sandalias Ortopédicas Soporte Arco,Mundo de Calzado,2024-09-09,136,7.352379946799999,999.9236727647999,1353,7.352379946799999,Reposición
586,57,9OK21,Sandalias Deportivas Acuáticas,Hilasal (Hilandería de Centro América),2024-09-11,118,7.098404292900001,837.6117065622001,1302,7.098404292900001,Reposición
587,8,2JD90,Calzado Boxing Botín Competencia,Hilasal (Hilandería de Centro América),2024-09-12,121,9.2894823918,1124.0273694078,1299,9.2894823918,Reposición
588,56,9GQ28,Zapatos Monk Strap Doble Hebilla,Almacenes Siman,2024-09-14,123,14.442174895500003,1776.3875121465003,1347,14.442174895500003,Reposición
589,35,5XY10,Zapatos Tipo Brogue Premium Cuero,Mundo de Calzado,2024-09-14,110,14.8726421055,1635.990631605,1251,14.8726421055,Reposición
590,29,5GF68,Calzado Fútbol Tacos Profesionales,Calzado Lexus,2024-09-15,130,9.784519683300001,1271.9875588290001,1329,9.784519683300001,Reposición
591,36,6BC45,Sandalias Playa Niños Coloridas,Hilasal (Hilandería de Centro América),2024-09-15,115,5.0924270943,585.6291158445,1178,5.0924270943,Reposición
592,20,3UK92,Zapatillas Casual Canvas Juveniles,Adoc S.A. de C.V.,2024-09-17,119,8.566297479000001,1019.3894000010001,1275,8.566297479000001,Reposición
593,52,8NN54,Botas Vaqueras Western Clásicas,Payless ShoeSource El Salvador,2024-09-18,132,11.872285651799997,1567.1417060375995,1314,11.872285651799997,Reposición
594,5,1TB10,Botas Invierno Térmicas Impermeables,Calzado Lexus,2024-09-19,123,11.536521228,1418.992111044,1264,11.536521228,Reposición
595,43,7BS71,Zapatos Derby Clásicos Oficina,Mundo de Calzado,2024-09-19,132,11.1232727064,1468.2719972447999,1255,11.1232727064,Reposición
596,19,3TU20,Zapatos Oxford Mujer Profesionales,Calzado Prada El Salvador,2024-09-19,122,12.225268764000003,1491.4827892080002,1341,12.225268764000003,Reposición
597,48,7YV41,Calzado Tenis Clay Court Especial,Diana Comercial,2024-09-20,121,11.385857704500003,1377.6887822445003,1267,11.385857704500003,Reposición
598,64,2EW02,Calzado Boxing Botín Competencia,Calzado Lexus,2024-09-20,128,8.3898059229,1073.8951581312,1226,8.3898059229,Reposición
599,3,1GB82,Calzado Gym Training Multisport,Payless ShoeSource El Salvador,2024-09-20,122,11.0328745923,1346.0107002606,1260,11.0328745923,Reposición
600,42,6VC22,Sandalias Casual Verano Acolchadas,Hilasal (Hilandería de Centro América),2024-09-22,132,6.474226838400001,854.5979426688001,1287,6.474226838400001,Reposición
601,10,2LM04,Botas Casual Chukka Ante,Calzado Lexus,2024-09-23,118,13.576935803400003,1602.0784248012003,1251,13.576935803400003,Reposición
602,53,8TF72,Zapatos Penny Loafer Clásicos,Mundo de Calzado,2024-09-24,117,12.208050075600001,1428.3418588452,1286,12.208050075600001,Reposición
603,41,6UK81,Zapatillas Tenis Clásicas Blancas,Adoc S.A. de C.V.,2024-09-25,114,10.5077045961,1197.8783239554,1216,10.5077045961,Reposición
604,28,5GE27,Sandalias Playa Flip-Flop Confort,Calzado Prada El Salvador,2024-09-27,127,6.5344922478,829.8805154706,1242,6.5344922478,Reposición
605,60,WLCH1,Zapatillas Tenis Premium Leather,Calzado Prada El Salvador,2024-09-28,118,16.753783813200005,1976.9464899576005,1281,16.753783813200005,Reposición
606,26,4QI22,Botas Fashion Urbanas Mujer,Calzado Lexus,2024-09-28,131,12.604079908800001,1651.1344680528002,1311,12.604079908800001,Reposición
607,21,3YB32,Sandalias Plataforma Mujer Elegantes,Calzado Lexus,2024-10-01,124,9.0139833774,1117.7339387976,1229,9.0139833774,Reposición
608,7,2JD29,Calzado Natación Acuático Grip,Calzado Lexus,2024-10-06,112,9.168951573000005,1026.9225761760006,1237,9.168951573000005,Reposición
609,50,8DO33,Botas Chelsea Casual Premium,Calzado Lexus,2024-10-08,110,13.452100312500002,1479.7310343750003,1244,13.452100312500002,Reposición
610,51,8LG34,Botas Militares Tácticas Combat,Almacenes Siman,2024-10-11,113,11.807715570300001,1334.2718594439002,1233,11.807715570300001,Reposición
611,14,3ET67,Zapatos Loafer Borlas Ejecutivos,Almacenes Siman,2024-10-12,129,12.840836874300004,1656.4679567847006,1309,12.840836874300004,Reposición
612,45,7NM98,Sandalias Slides Confort Unisex,Calzado Lexus,2024-10-13,126,7.830198549900002,986.6050172874003,1378,7.830198549900002,Reposición
613,11,2RW93,Zapatillas Slip-On Casual Relax,Adoc S.A. de C.V.,2024-10-13,118,10.313994351599998,1217.0513334887999,1296,10.313994351599998,Reposición
614,12,2TK59,Sandalias Gladiador Fashion Mujer,Hilasal (Hilandería de Centro América),2024-10-17,132,6.0609783168,800.0491378176,1246,6.0609783168,Reposición
615,25,4PJ19,Zapatos Mocasín Elegantes Sin Cordón,Adoc S.A. de C.V.,2024-10-17,113,13.335874165800004,1506.9537807354004,1262,13.335874165800004,Reposición
616,46,7NQ22,Zapatos Piel Charol Eventos Formales,Almacenes Siman,2024-10-17,112,13.7792553921,1543.2766039152,1264,13.7792553921,Reposición
617,18,3RE23,Botas Motociclista Protección Total,Payless ShoeSource El Salvador,2024-10-18,135,12.354408927,1667.845205145,1343,12.354408927,Reposición
618,47,7TY55,Zapatillas Walking Confort Plus,Almacenes Siman,2024-10-18,114,10.718633529,1221.924222306,1264,10.718633529,Reposición
619,23,4HJ92,Zapatos Salón Tacón Medio Oficina,Calzado Prada El Salvador,2024-10-19,120,11.579567949000003,1389.5481538800004,1378,11.579567949000003,Reposición
620,4,1GS46,Zapatillas Tenis Premium Leather,Adoc S.A. de C.V.,2024-10-20,136,11.467646474400002,1559.5999205184003,1264,11.467646474400002,Reposición
621,15,3JK76,Sandalias Cuero Artesanales Premium,Calzado Prada El Salvador,2024-10-20,105,8.4027199392,882.285593616,1173,8.4027199392,Reposición
622,58,9OL25,Botas Trabajo Punta Acero Seguridad,Payless ShoeSource El Salvador,2024-10-22,123,10.783203610500003,1326.3340440915003,1262,10.783203610500003,Reposición
623,59,XS56,Calzado Gym Training Multisport,Calzado Lexus,2024-10-22,126,11.007046559700001,1386.8878665222,1259,11.007046559700001,Reposición
624,22,4HC51,Zapatillas Running Trail Mountain,Payless ShoeSource El Salvador,2024-10-24,135,12.7547434323,1721.8903633605,1304,12.7547434323,Reposición
625,55,8VS71,Zapatillas Lifestyle Urban Street,Mundo de Calzado,2024-10-24,124,10.245119598,1270.3948301520002,1346,10.245119598,Reposición
626,54,8UF78,Zapatillas Casual Urbanas Confort,Payless ShoeSource El Salvador,2024-10-27,118,12.771962120700001,1507.0915302426001,1338,12.771962120700001,Reposición
627,40,6UB33,Calzado Volleyball Indoor Pro,Calzado Prada El Salvador,2024-10-27,129,13.129249905000004,1693.6732377450005,1347,13.129249905000004,Reposición
628,61,TAG1,Botas Invierno Térmicas Impermeables,Hilasal (Hilandería de Centro América),2024-10-28,118,12.608384580900001,1487.7893805462002,1260,12.608384580900001,Reposición
629,37,6GH85,Calzado Ciclismo Clips Performance,Almacenes Siman,2024-10-30,137,10.335517712100003,1415.9659265577004,1488,10.335517712100003,Reposición
630,34,5UB78,Zapatillas Skate Urban Style,Payless ShoeSource El Salvador,2024-10-30,113,10.615321398599999,1199.5313180418,1381,10.615321398599999,Reposición
631,27,5BM69,Zapatillas Deportivas Running Pro,Calzado Lexus,2024-10-30,130,9.8189570601,1276.4644178130002,1318,9.8189570601,Reposición
632,24,4KL66,Botas Senderismo Trail Explorer,Almacenes Siman,2024-11-04,126,14.1968085858,1788.7978818108,1332,14.1968085858,Reposición
633,2,1AB92,Botas Trabajo Punta Acero Seguridad,Hilasal (Hilandería de Centro América),2024-11-05,134,10.1245887792,1356.6948964128,1425,10.1245887792,Reposición
634,30,5GN30,Botas Montaña Hiking Adventure,Hilasal (Hilandería de Centro América),2024-11-06,126,11.1318820506,1402.6171383756,1302,11.1318820506,Reposición
635,49,8BC37,Zapatillas Basketball High Top,Calzado Prada El Salvador,2024-11-06,127,9.5735907504,1215.8460253008,1331,9.5735907504,Reposición
636,6,2CF67,Botas Lluvia Impermeables Pro,Mundo de Calzado,2024-11-07,104,10.9080391014,1134.4360665456,1171,10.9080391014,Reposición
637,63,TAG3,Calzado Natación Acuático Grip,Almacenes Siman,2024-11-07,119,8.527555430100005,1014.7790961819006,1399,8.527555430100005,Reposición
638,16,3JK90,Calzado Golf Waterproof Premium,Almacenes Siman,2024-11-08,116,11.3514203277,1316.7647580132,1345,11.3514203277,Reposición
639,32,5TJ23,Zapatos Oxford Piel Ejecutivos,Calzado Lexus,2024-11-08,129,11.777582865600001,1519.3081896624,1225,11.777582865600001,Reposición
640,38,6LJ54,Botas de Trabajo Industrial Reforzadas,Mundo de Calzado,2024-11-10,123,10.632540087000004,1307.8024307010005,1306,10.632540087000004,Reposición
641,1,0RT28,Sandalias Deportivas Acuáticas,Adoc S.A. de C.V.,2024-11-11,123,5.884486760700001,723.7918715661001,1432,5.884486760700001,Reposición
642,13,2WE71,Tacones Stiletto Mujer Elegantes,Calzado Lexus,2024-11-12,109,8.4457666602,920.5885659618,1244,8.4457666602,Reposición
643,44,7BS72,Zapatillas Training CrossFit Elite,Payless ShoeSource El Salvador,2024-11-12,132,10.813336315200003,1427.3603936064003,1400,10.813336315200003,Reposición
644,39,6PM40,Tacones Plataforma Fiesta Mujer,Diana Comercial,2024-11-15,121,8.346759201900003,1009.9578634299004,1300,8.346759201900003,Reposición
645,62,TAG2,Botas Lluvia Impermeables Pro,Calzado Lexus,2024-11-15,109,13.404748919400005,1461.1176322146005,1246,13.404748919400005,Reposición
646,20,3UK92,Zapatillas Casual Canvas Juveniles,Adoc S.A. de C.V.,2024-11-16,124,8.385501250799999,1039.8021550991998,1399,8.385501250799999,Reposición
647,35,5XY10,Zapatos Tipo Brogue Premium Cuero,Almacenes Siman,2024-11-17,129,15.522647592600002,2002.4215394454002,1380,15.522647592600002,Reposición
648,17,3LV37,Zapatillas Running Ligeras Performance,Mundo de Calzado,2024-11-18,123,11.704403439900002,1439.6416231077003,1305,11.704403439900002,Reposición
649,36,6BC45,Sandalias Playa Niños Coloridas,Payless ShoeSource El Salvador,2024-11-18,116,4.842756112500002,561.7597090500002,1294,4.842756112500002,Reposición
650,57,9OK21,Sandalias Deportivas Acuáticas,Hilasal (Hilandería de Centro América),2024-11-19,127,7.7225817474,980.7678819198,1429,7.7225817474,Reposición
651,29,5GF68,Calzado Fútbol Tacos Profesionales,Mundo de Calzado,2024-11-22,119,9.560676734100005,1137.7205313579007,1448,9.560676734100005,Reposición
652,31,5IF41,Sandalias Tipo Huarache Tradicionales,Calzado Lexus,2024-11-22,110,7.145755686000001,786.0331254600001,1375,7.145755686000001,Reposición
653,41,6UK81,Zapatillas Tenis Clásicas Blancas,Calzado Prada El Salvador,2024-11-25,111,12.1736126988,1351.2710095667999,1327,12.1736126988,Reposición
654,48,7YV41,Calzado Tenis Clay Court Especial,Calzado Prada El Salvador,2024-11-26,125,9.793129027500001,1224.1411284375001,1392,9.793129027500001,Reposición
655,42,6VC22,Sandalias Casual Verano Acolchadas,Adoc S.A. de C.V.,2024-11-29,107,6.698069787599999,716.6934672731999,1394,6.698069787599999,Reposición
656,9,2JV62,Sandalias Ortopédicas Soporte Arco,Calzado Prada El Salvador,2024-11-29,119,6.870256671599999,817.5605439203999,1472,6.870256671599999,Reposición
657,8,2JD90,Calzado Boxing Botín Competencia,Hilasal (Hilandería de Centro América),2024-11-30,128,9.427231899,1206.685683072,1427,9.427231899,Reposición
658,53,8TF72,Zapatos Penny Loafer Clásicos,Calzado Prada El Salvador,2024-12-01,127,13.150773265500003,1670.1482047185004,1413,13.150773265500003,Reposición
659,33,5TU10,Sandalias Sport Outdoor Trekking,Calzado Prada El Salvador,2024-12-01,115,7.0080061788000005,805.9207105620001,1288,7.0080061788000005,Reposición
660,10,2LM04,Botas Casual Chukka Ante,Payless ShoeSource El Salvador,2024-12-03,134,12.4964631063,1674.5260562442,1385,12.4964631063,Reposición
661,19,3TU20,Zapatos Oxford Mujer Profesionales,Hilasal (Hilandería de Centro América),2024-12-03,123,12.685868678700004,1560.3618474801006,1464,12.685868678700004,Reposición
662,5,1TB10,Botas Invierno Térmicas Impermeables,Almacenes Siman,2024-12-05,133,11.7216221283,1558.9757430639,1397,11.7216221283,Reposición
663,3,1GB82,Calzado Gym Training Multisport,Adoc S.A. de C.V.,2024-12-05,123,10.331213040000003,1270.7392039200004,1383,10.331213040000003,Reposición
664,52,8NN54,Botas Vaqueras Western Clásicas,Hilasal (Hilandería de Centro América),2024-12-06,125,11.756059505100001,1469.5074381375002,1439,11.756059505100001,Reposición
665,26,4QI22,Botas Fashion Urbanas Mujer,Hilasal (Hilandería de Centro América),2024-12-06,114,11.635528686300004,1326.4502702382006,1425,11.635528686300004,Reposición
666,21,3YB32,Sandalias Plataforma Mujer Elegantes,Almacenes Siman,2024-12-07,109,8.4242432997,918.2425196673,1338,8.4242432997,Reposición
667,64,2EW02,Calzado Boxing Botín Competencia,Calzado Prada El Salvador,2024-12-08,127,8.0712601875,1025.0500438125,1353,8.0712601875,Reposición
668,56,9GQ28,Zapatos Monk Strap Doble Hebilla,Adoc S.A. de C.V.,2024-12-09,118,14.523963665400009,1713.827712517201,1465,14.523963665400009,Reposición
669,7,2JD29,Calzado Natación Acuático Grip,Payless ShoeSource El Salvador,2024-12-10,119,9.005374033200004,1071.6395099508004,1356,9.005374033200004,Reposición
670,43,7BS71,Zapatos Derby Clásicos Oficina,Calzado Lexus,2024-12-13,123,12.2295734361,1504.2375326403,1378,12.2295734361,Reposición
671,50,8DO33,Botas Chelsea Casual Premium,Calzado Prada El Salvador,2024-12-13,129,13.073289167700002,1686.4543026333004,1373,13.073289167700002,Reposición
672,28,5GE27,Sandalias Playa Flip-Flop Confort,Adoc S.A. de C.V.,2024-12-15,113,6.930522081,783.148995153,1355,6.930522081,Reposición
673,47,7TY55,Zapatillas Walking Confort Plus,Hilasal (Hilandería de Centro América),2024-12-17,118,10.619626070700004,1253.1158763426006,1382,10.619626070700004,Reposición
674,51,8LG34,Botas Militares Tácticas Combat,Calzado Prada El Salvador,2024-12-17,126,11.790496881900001,1485.6026071194,1359,11.790496881900001,Reposición
675,46,7NQ22,Zapatos Piel Charol Eventos Formales,Calzado Lexus,2024-12-18,115,14.093496455400004,1620.7520923710003,1379,14.093496455400004,Reposición
676,60,WLCH1,Zapatillas Tenis Premium Leather,Hilasal (Hilandería de Centro América),2024-12-20,128,14.971649563800009,1916.371144166401,1409,14.971649563800009,Reposición
677,15,3JK76,Sandalias Cuero Artesanales Premium,Calzado Lexus,2024-12-23,119,7.1242323254999995,847.7836467344999,1292,7.1242323254999995,Reposición
678,11,2RW93,Zapatillas Slip-On Casual Relax,Payless ShoeSource El Salvador,2024-12-24,131,10.193463532800001,1335.3437227968002,1427,10.193463532800001,Reposición
679,14,3ET67,Zapatos Loafer Borlas Ejecutivos,Calzado Lexus,2024-12-27,116,12.8537508906,1491.0351033096001,1425,12.8537508906,Reposición
680,12,2TK59,Sandalias Gladiador Fashion Mujer,Payless ShoeSource El Salvador,2024-12-27,122,5.897400777,719.482894794,1368,5.897400777,Reposición
681,23,4HJ92,Zapatos Salón Tacón Medio Oficina,Calzado Prada El Salvador,2024-12-28,130,12.4232836806,1615.026878478,1508,12.4232836806,Reposición
682,45,7NM98,Sandalias Slides Confort Unisex,Diana Comercial,2024-12-28,128,6.655023066600002,851.8429525248002,1506,6.655023066600002,Reposición
683,34,5UB78,Zapatillas Skate Urban Style,Calzado Prada El Salvador,2024-12-29,130,10.602407382300001,1378.3129596990002,1511,10.602407382300001,Reposición
684,22,4HC51,Zapatillas Running Trail Mountain,Diana Comercial,2024-12-31,129,12.4232836806,1602.6035947974,1433,12.4232836806,Reposición
685,55,8VS71,Zapatillas Lifestyle Urban Street,Mundo de Calzado,2025-01-02,111,9.186170261400001,1019.6648990154001,1457,9.186170261400001,Reposición
686,18,3RE23,Botas Motociclista Protección Total,Hilasal (Hilandería de Centro América),2025-01-02,127,10.8994297572,1384.2275791644,1470,10.8994297572,Reposición
687,59,XS56,Calzado Gym Training Multisport,Payless ShoeSource El Salvador,2025-01-04,119,11.8249342587,1407.1671767853002,1378,11.8249342587,Reposición
688,40,6UB33,Calzado Volleyball Indoor Pro,Diana Comercial,2025-01-05,134,12.406064992200005,1662.4127089548006,1481,12.406064992200005,Reposición
689,58,9OL25,Botas Trabajo Punta Acero Seguridad,Mundo de Calzado,2025-01-05,114,9.9825345999,1138.0089443886,1376,9.9825345999,Reposición
690,37,6GH85,Calzado Ciclismo Clips Performance,Hilasal (Hilandería de Centro América),2025-01-05,129,10.331213040000003,1332.7264821600004,1617,10.331213040000003,Reposición
691,25,4PJ19,Zapatos Mocasín Elegantes Sin Cordón,Payless ShoeSource El Salvador,2025-01-06,117,15.229929889800001,1781.9017971066,1379,15.229929889800001,Reposición
692,2,1AB92,Botas Trabajo Punta Acero Seguridad,Payless ShoeSource El Salvador,2025-01-06,133,10.3182990237,1372.3337701521,1558,10.3182990237,Reposición
693,54,8UF78,Zapatillas Casual Urbanas Confort,Calzado Prada El Salvador,2025-01-06,138,11.8550669634,1635.9992409492002,1476,11.8550669634,Reposición
694,38,6LJ54,Botas de Trabajo Industrial Reforzadas,Adoc S.A. de C.V.,2025-01-09,122,10.8736017246,1326.5794104012,1428,10.8736017246,Reposición
695,13,2WE71,Tacones Stiletto Mujer Elegantes,Calzado Lexus,2025-01-12,123,9.2206076382,1134.1347394986,1367,9.2206076382,Reposición
696,30,5GN30,Botas Montaña Hiking Adventure,Calzado Prada El Salvador,2025-01-13,128,10.180549516500001,1303.1103381120001,1430,10.180549516500001,Reposición
697,6,2CF67,Botas Lluvia Impermeables Pro,Calzado Prada El Salvador,2025-01-13,113,11.002741887600004,1243.3098332988004,1284,11.002741887600004,Reposición
698,4,1GS46,Zapatillas Tenis Premium Leather,Diana Comercial,2025-01-16,134,10.8520783641,1454.1785007894,1398,10.8520783641,Reposición
699,61,TAG1,Botas Invierno Térmicas Impermeables,Diana Comercial,2025-01-16,115,12.957063021000005,1490.0622474150007,1375,12.957063021000005,Reposición
700,49,8BC37,Zapatillas Basketball High Top,Calzado Prada El Salvador,2025-01-19,114,8.622258216300002,982.9374366582002,1445,8.622258216300002,Reposición
701,44,7BS72,Zapatillas Training CrossFit Elite,Payless ShoeSource El Salvador,2025-01-19,118,12.018644503200008,1418.2000513776009,1518,12.018644503200008,Reposición
702,27,5BM69,Zapatillas Deportivas Running Pro,Diana Comercial,2025-01-20,128,9.1345141962,1169.2178171136,1446,9.1345141962,Reposición
703,29,5GF68,Calzado Fútbol Tacos Profesionales,Calzado Lexus,2025-01-24,123,9.8447850927,1210.9085664021,1571,9.8447850927,Reposición
704,35,5XY10,Zapatos Tipo Brogue Premium Cuero,Diana Comercial,2025-01-25,110,15.785232590700002,1736.3755849770002,1490,15.785232590700002,Reposición
705,1,0RT28,Sandalias Deportivas Acuáticas,Hilasal (Hilandería de Centro América),2025-01-25,130,6.2762119218,815.907549834,1562,6.2762119218,Reposición
706,62,TAG2,Botas Lluvia Impermeables Pro,Adoc S.A. de C.V.,2025-01-28,125,14.592838419000007,1824.1048023750009,1371,14.592838419000007,Reposición
707,8,2JD90,Calzado Boxing Botín Competencia,Diana Comercial,2025-01-29,124,8.252056415700004,1023.2549955468005,1551,8.252056415700004,Reposición
708,31,5IF41,Sandalias Tipo Huarache Tradicionales,Mundo de Calzado,2025-01-30,107,7.339465930500001,785.3228545635001,1482,7.339465930500001,Reposición
709,16,3JK90,Calzado Golf Waterproof Premium,Hilasal (Hilandería de Centro América),2025-01-31,120,10.7702895942,1292.434751304,1465,10.7702895942,Reposición
710,24,4KL66,Botas Senderismo Trail Explorer,Payless ShoeSource El Salvador,2025-02-01,122,13.038851790900004,1590.7399184898006,1454,13.038851790900004,Reposición
711,63,TAG3,Calzado Natación Acuático Grip,Calzado Lexus,2025-02-03,118,8.4543760044,997.6163685192,1517,8.4543760044,Reposición
712,3,1GB82,Calzado Gym Training Multisport,Adoc S.A. de C.V.,2025-02-03,116,10.503399924000007,1218.3943911840008,1499,10.503399924000007,Reposición
713,20,3UK92,Zapatillas Casual Canvas Juveniles,Hilasal (Hilandería de Centro América),2025-02-03,114,9.5004113247,1083.0468910158,1513,9.5004113247,Reposición
714,10,2LM04,Botas Casual Chukka Ante,Mundo de Calzado,2025-02-04,127,11.575263276900005,1470.0584361663007,1512,11.575263276900005,Reposición
715,32,5TJ23,Zapatos Oxford Piel Ejecutivos,Mundo de Calzado,2025-02-04,104,10.3096896795,1072.207726668,1329,10.3096896795,Reposición
716,17,3LV37,Zapatillas Running Ligeras Performance,Adoc S.A. de C.V.,2025-02-04,121,10.8176409873,1308.9345594633,1426,10.8176409873,Reposición
717,42,6VC22,Sandalias Casual Verano Acolchadas,Diana Comercial,2025-02-08,130,7.2361538001,940.699994013,1524,7.2361538001,Reposición
718,7,2JD29,Calzado Natación Acuático Grip,Adoc S.A. de C.V.,2025-02-09,116,7.929206008200003,919.7878969512003,1472,7.929206008200003,Reposición
719,39,6PM40,Tacones Plataforma Fiesta Mujer,Calzado Prada El Salvador,2025-02-09,114,9.6812075529,1103.6576610306,1414,9.6812075529,Reposición
720,57,9OK21,Sandalias Deportivas Acuáticas,Calzado Lexus,2025-02-10,131,8.570602151100005,1122.7488817941005,1560,8.570602151100005,Reposición
721,19,3TU20,Zapatos Oxford Mujer Profesionales,Hilasal (Hilandería de Centro América),2025-02-12,126,12.763352776500005,1608.1824498390006,1590,12.763352776500005,Reposición
722,50,8DO33,Botas Chelsea Casual Premium,Adoc S.A. de C.V.,2025-02-12,123,14.037535718100001,1726.6168933263002,1496,14.037535718100001,Reposición
723,53,8TF72,Zapatos Penny Loafer Clásicos,Adoc S.A. de C.V.,2025-02-13,122,12.4620257295,1520.367138999,1535,12.4620257295,Reposición
724,21,3YB32,Sandalias Plataforma Mujer Elegantes,Payless ShoeSource El Salvador,2025-02-13,105,8.8202731329,926.1286789545001,1443,8.8202731329,Reposición
725,33,5TU10,Sandalias Sport Outdoor Trekking,Almacenes Siman,2025-02-14,133,6.943436097300001,923.4770009409001,1421,6.943436097300001,Reposición
726,52,8NN54,Botas Vaqueras Western Clásicas,Mundo de Calzado,2025-02-14,116,11.2997642625,1310.7726544500001,1555,11.2997642625,Reposición
727,36,6BC45,Sandalias Playa Niños Coloridas,Almacenes Siman,2025-02-15,124,4.8298420962,598.9004199288,1418,4.8298420962,Reposición
728,43,7BS71,Zapatos Derby Clásicos Oficina,Hilasal (Hilandería de Centro América),2025-02-16,126,11.730231472500005,1478.0091655350006,1504,11.730231472500005,Reposición
729,41,6UK81,Zapatillas Tenis Clásicas Blancas,Mundo de Calzado,2025-02-19,131,10.6583681196,1396.2462236676001,1458,10.6583681196,Reposición
730,9,2JV62,Sandalias Ortopédicas Soporte Arco,Hilasal (Hilandería de Centro América),2025-02-20,116,6.314953970700001,732.5346606012001,1588,6.314953970700001,Reposición
731,5,1TB10,Botas Invierno Térmicas Impermeables,Adoc S.A. de C.V.,2025-02-22,128,12.819313513800003,1640.8721297664003,1525,12.819313513800003,Reposición
732,48,7YV41,Calzado Tenis Clay Court Especial,Adoc S.A. de C.V.,2025-02-22,113,11.880894996000004,1342.5411345480004,1505,11.880894996000004,Reposición
733,56,9GQ28,Zapatos Monk Strap Doble Hebilla,Mundo de Calzado,2025-02-22,110,14.838204728700005,1632.2025201570004,1575,14.838204728700005,Reposición
734,46,7NQ22,Zapatos Piel Charol Eventos Formales,Calzado Prada El Salvador,2025-02-24,124,12.208050075600001,1513.7982093744001,1503,12.208050075600001,Reposición
735,28,5GE27,Sandalias Playa Flip-Flop Confort,Mundo de Calzado,2025-02-25,110,6.336477331200001,697.0125064320001,1465,6.336477331200001,Reposición
736,47,7TY55,Zapatillas Walking Confort Plus,Mundo de Calzado,2025-03-01,122,10.6540634475,1299.795740595,1504,10.6540634475,Reposición
737,26,4QI22,Botas Fashion Urbanas Mujer,Diana Comercial,2025-03-01,125,13.727599326900004,1715.9499158625003,1550,13.727599326900004,Reposición
738,64,2EW02,Calzado Boxing Botín Competencia,Calzado Prada El Salvador,2025-03-01,107,9.0268973937,965.8780211259001,1460,9.0268973937,Reposición
739,23,4HJ92,Zapatos Salón Tacón Medio Oficina,Payless ShoeSource El Salvador,2025-03-01,129,12.242487452400004,1579.2808813596005,1637,12.242487452400004,Reposición
740,12,2TK59,Sandalias Gladiador Fashion Mujer,Calzado Prada El Salvador,2025-03-03,126,6.0609783168,763.6832679168,1494,6.0609783168,Reposición
741,15,3JK76,Sandalias Cuero Artesanales Premium,Adoc S.A. de C.V.,2025-03-06,120,7.193107079100001,863.1728494920001,1412,7.193107079100001,Reposición
742,40,6UB33,Calzado Volleyball Indoor Pro,Calzado Prada El Salvador,2025-03-08,135,11.497779179100004,1552.2001891785005,1616,11.497779179100004,Reposición
743,54,8UF78,Zapatillas Casual Urbanas Confort,Diana Comercial,2025-03-08,133,11.239498853099999,1494.8533474622998,1609,11.239498853099999,Reposición
744,34,5UB78,Zapatillas Skate Urban Style,Calzado Prada El Salvador,2025-03-09,133,10.765984922100001,1431.8759946393002,1644,10.765984922100001,Reposición
745,58,9OL25,Botas Trabajo Punta Acero Seguridad,Payless ShoeSource El Salvador,2025-03-09,126,10.4086971378,1311.4958393628,1502,10.4086971378,Reposición
746,55,8VS71,Zapatillas Lifestyle Urban Street,Hilasal (Hilandería de Centro América),2025-03-11,112,9.2163029661,1032.2259322032,1569,9.2163029661,Reposición
747,22,4HC51,Zapatillas Running Trail Mountain,Adoc S.A. de C.V.,2025-03-12,114,11.790496881900001,1344.1166445366002,1547,11.790496881900001,Reposición
748,11,2RW93,Zapatillas Slip-On Casual Relax,Calzado Lexus,2025-03-12,113,9.556372062000001,1079.870043006,1540,9.556372062000001,Reposición
749,18,3RE23,Botas Motociclista Protección Total,Adoc S.A. de C.V.,2025-03-13,128,12.255401468700002,1568.6913879936003,1598,12.255401468700002,Reposición
750,2,1AB92,Botas Trabajo Punta Acero Seguridad,Payless ShoeSource El Salvador,2025-03-15,114,11.2653268857,1284.2472649698,1672,11.2653268857,Reposición
751,59,XS56,Calzado Gym Training Multisport,Diana Comercial,2025-03-15,130,10.989827871300003,1428.6776232690004,1508,10.989827871300003,Reposición
752,45,7NM98,Sandalias Slides Confort Unisex,Calzado Prada El Salvador,2025-03-16,123,6.8616473274,843.9826212702,1629,6.8616473274,Reposición
753,51,8LG34,Botas Militares Tácticas Combat,Diana Comercial,2025-03-17,124,11.063007297,1371.812904828,1483,11.063007297,Reposición
754,37,6GH85,Calzado Ciclismo Clips Performance,Mundo de Calzado,2025-03-19,136,11.261022213600004,1531.4990210496005,1753,11.261022213600004,Reposición
755,14,3ET67,Zapatos Loafer Borlas Ejecutivos,Calzado Prada El Salvador,2025-03-19,135,12.819313513800003,1730.6073243630003,1560,12.819313513800003,Reposición
756,60,WLCH1,Zapatillas Tenis Premium Leather,Almacenes Siman,2025-03-20,121,16.6978230759,2020.4365921839,1530,16.6978230759,Reposición
757,4,1GS46,Zapatillas Tenis Premium Leather,Mundo de Calzado,2025-03-27,112,11.8249342587,1324.3926369744001,1510,11.8249342587,Reposición
758,25,4PJ19,Zapatos Mocasín Elegantes Sin Cordón,Almacenes Siman,2025-03-30,133,15.479600871600006,2058.7869159228007,1512,15.479600871600006,Reposición
759,13,2WE71,Tacones Stiletto Mujer Elegantes,Calzado Lexus,2025-03-31,110,8.3338451856,916.722970416,1477,8.3338451856,Reposición
760,38,6LJ54,Botas de Trabajo Industrial Reforzadas,Almacenes Siman,2025-03-31,114,10.520618612400002,1199.3505218136002,1542,10.520618612400002,Reposición
761,1,0RT28,Sandalias Deportivas Acuáticas,Calzado Lexus,2025-04-01,111,6.379524052200001,708.1271697942001,1673,6.379524052200001,Reposición
762,44,7BS72,Zapatillas Training CrossFit Elite,Payless ShoeSource El Salvador,2025-04-03,119,10.959695166600001,1304.2037248254,1637,10.959695166600001,Reposición
763,8,2JD90,Calzado Boxing Botín Competencia,Calzado Prada El Salvador,2025-04-03,128,9.362661817500001,1198.4207126400001,1679,9.362661817500001,Reposición
764,61,TAG1,Botas Invierno Térmicas Impermeables,Almacenes Siman,2025-04-04,105,14.502440304900002,1522.7562320145003,1480,14.502440304900002,Reposición
765,62,TAG2,Botas Lluvia Impermeables Pro,Payless ShoeSource El Salvador,2025-04-05,109,13.017328430400001,1418.8887989136,1480,13.017328430400001,Reposición
766,30,5GN30,Botas Montaña Hiking Adventure,Mundo de Calzado,2025-04-05,126,10.9123437735,1374.955315461,1556,10.9123437735,Reposición
767,32,5TJ23,Zapatos Oxford Piel Ejecutivos,Adoc S.A. de C.V.,2025-04-05,111,11.398771720800001,1265.2636610088,1440,11.398771720800001,Reposición
768,3,1GB82,Calzado Gym Training Multisport,Hilasal (Hilandería de Centro América),2025-04-06,110,11.140491394800003,1225.4540534280004,1609,11.140491394800003,Reposición
769,16,3JK90,Calzado Golf Waterproof Premium,Almacenes Siman,2025-04-07,119,9.698426241300004,1154.1127227147003,1584,9.698426241300004,Reposición
770,6,2CF67,Botas Lluvia Impermeables Pro,Calzado Lexus,2025-04-08,120,11.4805604907,1377.6672588840001,1404,11.4805604907,Reposición
771,24,4KL66,Botas Senderismo Trail Explorer,Calzado Lexus,2025-04-09,121,15.208406529300001,1840.2171900453002,1575,15.208406529300001,Reposición
772,49,8BC37,Zapatillas Basketball High Top,Diana Comercial,2025-04-13,132,8.079869531700002,1066.5427781844003,1577,8.079869531700002,Reposición
773,27,5BM69,Zapatillas Deportivas Running Pro,Hilasal (Hilandería de Centro América),2025-04-14,135,9.1560375567,1236.0650701544998,1581,9.1560375567,Reposición
774,20,3UK92,Zapatillas Casual Canvas Juveniles,Hilasal (Hilandería de Centro América),2025-04-15,115,9.108686163600002,1047.4989088140003,1628,9.108686163600002,Reposición
775,35,5XY10,Zapatos Tipo Brogue Premium Cuero,Calzado Lexus,2025-04-15,130,14.0117076855,1821.521999115,1620,14.0117076855,Reposición
776,7,2JD29,Calzado Natación Acuático Grip,Diana Comercial,2025-04-17,129,9.293787063900002,1198.8985312431003,1601,9.293787063900002,Reposición
777,31,5IF41,Sandalias Tipo Huarache Tradicionales,Mundo de Calzado,2025-04-17,120,6.973568802,836.82825624,1602,6.973568802,Reposición
778,29,5GF68,Calzado Fútbol Tacos Profesionales,Almacenes Siman,2025-04-20,137,9.7500823065,1335.7612759904998,1708,9.7500823065,Reposición
779,39,6PM40,Tacones Plataforma Fiesta Mujer,Payless ShoeSource El Salvador,2025-04-21,130,8.807359116600002,1144.9566851580003,1544,8.807359116600002,Reposición
780,50,8DO33,Botas Chelsea Casual Premium,Almacenes Siman,2025-04-22,109,14.786548663500003,1611.7338043215004,1605,14.786548663500003,Reposición
781,17,3LV37,Zapatillas Running Ligeras Performance,Diana Comercial,2025-04-22,128,10.933867134,1399.534993152,1554,10.933867134,Reposición
782,36,6BC45,Sandalias Playa Niños Coloridas,Hilasal (Hilandería de Centro América),2025-04-23,112,4.877193489300001,546.2456708016001,1530,4.877193489300001,Reposición
783,53,8TF72,Zapatos Penny Loafer Clásicos,Almacenes Siman,2025-04-24,126,12.0918239289,1523.5698150414,1661,12.0918239289,Reposición
784,10,2LM04,Botas Casual Chukka Ante,Payless ShoeSource El Salvador,2025-04-25,119,14.033231046000004,1669.9544944740005,1631,14.033231046000004,Reposición
785,33,5TU10,Sandalias Sport Outdoor Trekking,Payless ShoeSource El Salvador,2025-04-26,126,7.033834211400002,886.2631106364003,1547,7.033834211400002,Reposición
786,21,3YB32,Sandalias Plataforma Mujer Elegantes,Payless ShoeSource El Salvador,2025-04-28,118,9.074248786800004,1070.7613568424003,1561,9.074248786800004,Reposición
787,19,3TU20,Zapatos Oxford Mujer Profesionales,Adoc S.A. de C.V.,2025-04-28,114,12.565337859900001,1432.4485160286001,1704,12.565337859900001,Reposición
788,42,6VC22,Sandalias Casual Verano Acolchadas,Mundo de Calzado,2025-04-28,115,7.1629743744,823.742053056,1639,7.1629743744,Reposición
789,63,TAG3,Calzado Natación Acuático Grip,Diana Comercial,2025-05-02,122,9.814652388000003,1197.3875913360002,1639,9.814652388000003,Reposición
790,64,2EW02,Calzado Boxing Botín Competencia,Diana Comercial,2025-05-07,128,8.0712601875,1033.121304,1588,8.0712601875,Reposición
791,15,3JK76,Sandalias Cuero Artesanales Premium,Calzado Lexus,2025-05-10,122,7.8172845336000005,953.7087130992,1534,7.8172845336000005,Reposición
792,56,9GQ28,Zapatos Monk Strap Doble Hebilla,Payless ShoeSource El Salvador,2025-05-10,112,14.7262832541,1649.3437244592,1687,14.7262832541,Reposición
793,57,9OK21,Sandalias Deportivas Acuáticas,Diana Comercial,2025-05-11,132,8.105697564300002,1069.9520784876001,1692,8.105697564300002,Reposición
794,46,7NQ22,Zapatos Piel Charol Eventos Formales,Mundo de Calzado,2025-05-11,110,13.120640560800004,1443.2704616880003,1613,13.120640560800004,Reposición
795,9,2JV62,Sandalias Ortopédicas Soporte Arco,Adoc S.A. de C.V.,2025-05-11,128,6.7066791318000005,858.4549288704001,1716,6.7066791318000005,Reposición
796,48,7YV41,Calzado Tenis Clay Court Especial,Almacenes Siman,2025-05-12,108,10.193463532800001,1100.8940615424,1613,10.193463532800001,Reposición
797,52,8NN54,Botas Vaqueras Western Clásicas,Calzado Lexus,2025-05-13,125,11.278240902,1409.78011275,1680,11.278240902,Reposición
798,12,2TK59,Sandalias Gladiador Fashion Mujer,Mundo de Calzado,2025-05-14,111,6.547406264100002,726.7620953151002,1605,6.547406264100002,Reposición
799,47,7TY55,Zapatillas Walking Confort Plus,Adoc S.A. de C.V.,2025-05-16,122,11.239498853099999,1371.2188600782,1626,11.239498853099999,Reposición
800,43,7BS71,Zapatos Derby Clásicos Oficina,Hilasal (Hilandería de Centro América),2025-05-16,118,12.397455648000008,1462.899766464001,1622,12.397455648000008,Reposición
801,54,8UF78,Zapatillas Casual Urbanas Confort,Payless ShoeSource El Salvador,2025-05-17,115,11.7173174562,1347.491507463,1724,11.7173174562,Reposición
802,45,7NM98,Sandalias Slides Confort Unisex,Hilasal (Hilandería de Centro América),2025-05-18,117,6.732507164399999,787.7033382348,1746,6.732507164399999,Reposición
803,41,6UK81,Zapatillas Tenis Clásicas Blancas,Adoc S.A. de C.V.,2025-05-18,118,10.421611154100004,1229.7501161838004,1576,10.421611154100004,Reposición
804,34,5UB78,Zapatillas Skate Urban Style,Mundo de Calzado,2025-05-18,123,10.3484317284,1272.8571025932,1767,10.3484317284,Reposición
805,5,1TB10,Botas Invierno Térmicas Impermeables,Payless ShoeSource El Salvador,2025-05-20,120,11.484865162800004,1378.1838195360006,1645,11.484865162800004,Reposición
806,22,4HC51,Zapatillas Running Trail Mountain,Almacenes Siman,2025-05-21,132,11.459037130200002,1512.5929011864002,1679,11.459037130200002,Reposición
807,2,1AB92,Botas Trabajo Punta Acero Seguridad,Payless ShoeSource El Salvador,2025-05-21,128,11.024265248099999,1411.1059517567999,1800,11.024265248099999,Reposición
808,28,5GE27,Sandalias Playa Flip-Flop Confort,Diana Comercial,2025-05-26,108,6.448398805800003,696.4270710264003,1573,6.448398805800003,Reposición
809,26,4QI22,Botas Fashion Urbanas Mujer,Adoc S.A. de C.V.,2025-05-26,121,13.6716385896,1654.2682693416,1671,13.6716385896,Reposición
810,4,1GS46,Zapatillas Tenis Premium Leather,Adoc S.A. de C.V.,2025-05-29,116,12.771962120700001,1481.5476060012002,1626,12.771962120700001,Reposición
811,23,4HJ92,Zapatos Salón Tacón Medio Oficina,Mundo de Calzado,2025-05-29,114,11.192147460000003,1275.9048104400003,1751,11.192147460000003,Reposición
812,18,3RE23,Botas Motociclista Protección Total,Payless ShoeSource El Salvador,2025-05-29,111,12.4964631063,1387.1074047993,1709,12.4964631063,Reposición
813,58,9OL25,Botas Trabajo Punta Acero Seguridad,Adoc S.A. de C.V.,2025-05-29,119,11.269631557800004,1341.0861553782004,1621,11.269631557800004,Reposición
814,14,3ET67,Zapatos Loafer Borlas Ejecutivos,Payless ShoeSource El Salvador,2025-06-02,113,13.284218100600004,1501.1166453678004,1673,13.284218100600004,Reposición
815,55,8VS71,Zapatillas Lifestyle Urban Street,Hilasal (Hilandería de Centro América),2025-06-03,123,10.826250331500002,1331.6287907745002,1692,10.826250331500002,Reposición
816,38,6LJ54,Botas de Trabajo Industrial Reforzadas,Hilasal (Hilandería de Centro América),2025-06-05,117,10.2322055817,1197.1680530589,1659,10.2322055817,Reposición
817,40,6UB33,Calzado Volleyball Indoor Pro,Calzado Lexus,2025-06-05,118,11.859371635500004,1399.4058529890006,1734,11.859371635500004,Reposición
818,37,6GH85,Calzado Ciclismo Clips Performance,Hilasal (Hilandería de Centro América),2025-06-06,127,11.2481081973,1428.5097410571,1880,11.2481081973,Reposición
819,59,XS56,Calzado Gym Training Multisport,Calzado Lexus,2025-06-06,126,10.7014148406,1348.3782699156,1634,10.7014148406,Reposición
820,61,TAG1,Botas Invierno Térmicas Impermeables,Diana Comercial,2025-06-06,119,12.414674336400005,1477.3462460316005,1599,12.414674336400005,Reposición
821,11,2RW93,Zapatillas Slip-On Casual Relax,Mundo de Calzado,2025-06-06,121,10.344127056300003,1251.6393738123004,1661,10.344127056300003,Reposición
822,60,WLCH1,Zapatillas Tenis Premium Leather,Adoc S.A. de C.V.,2025-06-07,112,15.9574194747,1787.2309811664,1642,15.9574194747,Reposición
823,51,8LG34,Botas Militares Tácticas Combat,Almacenes Siman,2025-06-11,116,11.243803525200004,1304.2812089232004,1599,11.243803525200004,Reposición
824,25,4PJ19,Zapatos Mocasín Elegantes Sin Cordón,Adoc S.A. de C.V.,2025-06-15,114,14.0719730949,1604.2049328186001,1626,14.0719730949,Reposición
825,1,0RT28,Sandalias Deportivas Acuáticas,Almacenes Siman,2025-06-17,122,5.7079952046,696.3754149612,1795,5.7079952046,Reposición
826,20,3UK92,Zapatillas Casual Canvas Juveniles,Diana Comercial,2025-06-17,130,8.923585263300001,1160.0660842290001,1758,8.923585263300001,Reposición
827,49,8BC37,Zapatillas Basketball High Top,Calzado Prada El Salvador,2025-06-18,129,8.854710509700004,1142.2576557513005,1706,8.854710509700004,Reposición
828,16,3JK90,Calzado Golf Waterproof Premium,Mundo de Calzado,2025-06-20,131,10.512009268200003,1377.0732141342005,1715,10.512009268200003,Reposición
829,53,8TF72,Zapatos Penny Loafer Clásicos,Payless ShoeSource El Salvador,2025-06-23,115,13.568326459200001,1560.357542808,1776,13.568326459200001,Reposición
830,13,2WE71,Tacones Stiletto Mujer Elegantes,Hilasal (Hilandería de Centro América),2025-06-24,108,9.336833784900005,1008.3780487692005,1585,9.336833784900005,Reposición
831,3,1GB82,Calzado Gym Training Multisport,Mundo de Calzado,2025-06-25,129,10.598102710200003,1367.1552496158004,1738,10.598102710200003,Reposición
832,17,3LV37,Zapatillas Running Ligeras Performance,Almacenes Siman,2025-06-25,126,10.774594266300003,1357.5988775538003,1680,10.774594266300003,Reposición
833,44,7BS72,Zapatillas Training CrossFit Elite,Payless ShoeSource El Salvador,2025-06-26,127,12.784876137000005,1623.6792693990005,1764,12.784876137000005,Reposición
834,31,5IF41,Sandalias Tipo Huarache Tradicionales,Calzado Lexus,2025-06-26,128,6.732507164399999,861.7609170431999,1730,6.732507164399999,Reposición
835,8,2JD90,Calzado Boxing Botín Competencia,Mundo de Calzado,2025-06-29,132,9.3884898501,1239.2806602131998,1811,9.3884898501,Reposición
836,19,3TU20,Zapatos Oxford Mujer Profesionales,Adoc S.A. de C.V.,2025-06-30,133,13.3918349031,1781.1140421123,1837,13.3918349031,Reposición
837,62,TAG2,Botas Lluvia Impermeables Pro,Calzado Prada El Salvador,2025-07-01,126,15.811060623300003,1992.1936385358003,1606,15.811060623300003,Reposición
838,32,5TJ23,Zapatos Oxford Piel Ejecutivos,Calzado Prada El Salvador,2025-07-01,121,11.626919342100004,1406.8572403941005,1561,11.626919342100004,Reposición
839,10,2LM04,Botas Casual Chukka Ante,Adoc S.A. de C.V.,2025-07-02,127,11.738840816700002,1490.8327837209001,1758,11.738840816700002,Reposición
840,30,5GN30,Botas Montaña Hiking Adventure,Calzado Lexus,2025-07-02,113,9.728558946000003,1099.3271608980003,1669,9.728558946000003,Reposición
841,27,5BM69,Zapatillas Deportivas Running Pro,Adoc S.A. de C.V.,2025-07-05,125,10.920953117700002,1365.1191397125,1706,10.920953117700002,Reposición
842,35,5XY10,Zapatos Tipo Brogue Premium Cuero,Payless ShoeSource El Salvador,2025-07-05,115,16.568682912900005,1905.3985349835007,1735,16.568682912900005,Reposición
843,6,2CF67,Botas Lluvia Impermeables Pro,Diana Comercial,2025-07-06,101,11.329896967200003,1144.3195936872003,1505,11.329896967200003,Reposición
844,7,2JD29,Calzado Natación Acuático Grip,Adoc S.A. de C.V.,2025-07-06,114,9.539153373600001,1087.4634845904002,1715,9.539153373600001,Reposición
845,50,8DO33,Botas Chelsea Casual Premium,Payless ShoeSource El Salvador,2025-07-07,112,15.557084969400005,1742.3935165728005,1717,15.557084969400005,Reposición
846,24,4KL66,Botas Senderismo Trail Explorer,Payless ShoeSource El Salvador,2025-07-08,137,12.7977901533,1753.2972510021,1712,12.7977901533,Reposición
847,21,3YB32,Sandalias Plataforma Mujer Elegantes,Hilasal (Hilandería de Centro América),2025-07-09,130,8.2477517436,1072.207726668,1691,8.2477517436,Reposición
848,63,TAG3,Calzado Natación Acuático Grip,Payless ShoeSource El Salvador,2025-07-09,116,8.4931180533,985.2016941828,1755,8.4931180533,Reposición
849,33,5TU10,Sandalias Sport Outdoor Trekking,Hilasal (Hilandería de Centro América),2025-07-12,130,7.5245668307999996,978.1936880039999,1677,7.5245668307999996,Reposición
850,39,6PM40,Tacones Plataforma Fiesta Mujer,Hilasal (Hilandería de Centro América),2025-07-14,121,8.4974227254,1028.1881497734,1665,8.4974227254,Reposición
851,9,2JV62,Sandalias Ortopédicas Soporte Arco,Adoc S.A. de C.V.,2025-07-15,129,6.250383889200001,806.2995217068001,1845,6.250383889200001,Reposición
852,48,7YV41,Calzado Tenis Clay Court Especial,Payless ShoeSource El Salvador,2025-07-15,111,10.2494242701,1137.6860939811002,1724,10.2494242701,Reposición
853,47,7TY55,Zapatillas Walking Confort Plus,Adoc S.A. de C.V.,2025-07-17,116,9.9308785347,1151.9819100252,1742,9.9308785347,Reposición
854,29,5GF68,Calzado Fútbol Tacos Profesionales,Calzado Lexus,2025-07-19,133,9.168951573000005,1219.4705592090006,1841,9.168951573000005,Reposición
855,36,6BC45,Sandalias Playa Niños Coloridas,Calzado Prada El Salvador,2025-07-20,124,4.696397261100001,582.3532603764002,1654,4.696397261100001,Reposición
856,42,6VC22,Sandalias Casual Verano Acolchadas,Calzado Lexus,2025-07-21,114,6.646413722399999,757.6911643535999,1753,6.646413722399999,Reposición
857,28,5GE27,Sandalias Playa Flip-Flop Confort,Hilasal (Hilandería de Centro América),2025-07-26,112,6.9520454415,778.6290894480001,1685,6.9520454415,Reposición
858,34,5UB78,Zapatillas Skate Urban Style,Diana Comercial,2025-07-27,118,11.5408259001,1361.8174562118,1885,11.5408259001,Reposición
859,57,9OK21,Sandalias Deportivas Acuáticas,Calzado Lexus,2025-07-27,127,7.946424696599999,1009.1959364681999,1819,7.946424696599999,Reposición
860,41,6UK81,Zapatillas Tenis Clásicas Blancas,Calzado Prada El Salvador,2025-07-28,118,11.308373606700002,1334.3880855906002,1694,11.308373606700002,Reposición
861,54,8UF78,Zapatillas Casual Urbanas Confort,Payless ShoeSource El Salvador,2025-07-30,123,11.484865162800004,1412.6384150244005,1847,11.484865162800004,Reposición
862,46,7NQ22,Zapatos Piel Charol Eventos Formales,Almacenes Siman,2025-08-01,109,12.328580894400003,1343.8153174896004,1722,12.328580894400003,Reposición
863,22,4HC51,Zapatillas Running Trail Mountain,Almacenes Siman,2025-08-01,121,12.2467921245,1481.8618470645001,1800,12.2467921245,Reposición
864,64,2EW02,Calzado Boxing Botín Competencia,Hilasal (Hilandería de Centro América),2025-08-02,122,8.923585263300001,1088.6774021226001,1710,8.923585263300001,Reposición
865,15,3JK76,Sandalias Cuero Artesanales Premium,Adoc S.A. de C.V.,2025-08-02,121,7.137146341800001,863.5947073578002,1655,7.137146341800001,Reposición
866,56,9GQ28,Zapatos Monk Strap Doble Hebilla,Payless ShoeSource El Salvador,2025-08-04,112,15.996161523600003,1791.5700906432003,1799,15.996161523600003,Reposición
867,5,1TB10,Botas Invierno Térmicas Impermeables,Almacenes Siman,2025-08-06,132,11.626919342100004,1534.7533531572005,1777,11.626919342100004,Reposición
868,52,8NN54,Botas Vaqueras Western Clásicas,Calzado Prada El Salvador,2025-08-07,117,12.186526715100001,1425.8236256667,1797,12.186526715100001,Reposición
869,43,7BS71,Zapatos Derby Clásicos Oficina,Almacenes Siman,2025-08-09,108,10.718633529,1157.612421132,1730,10.718633529,Reposición
870,38,6LJ54,Botas de Trabajo Industrial Reforzadas,Mundo de Calzado,2025-08-10,119,10.718633529,1275.517389951,1778,10.718633529,Reposición
871,61,TAG1,Botas Invierno Térmicas Impermeables,Payless ShoeSource El Salvador,2025-08-10,122,14.248464650999999,1738.312687422,1721,14.248464650999999,Reposición
872,18,3RE23,Botas Motociclista Protección Total,Mundo de Calzado,2025-08-11,120,10.9037344293,1308.448131516,1829,10.9037344293,Reposición
873,2,1AB92,Botas Trabajo Punta Acero Seguridad,Almacenes Siman,2025-08-12,130,10.012667304599999,1301.6467495979998,1930,10.012667304599999,Reposición
874,12,2TK59,Sandalias Gladiador Fashion Mujer,Diana Comercial,2025-08-12,114,6.573234296699999,749.3487098237999,1719,6.573234296699999,Reposición
875,40,6UB33,Calzado Volleyball Indoor Pro,Adoc S.A. de C.V.,2025-08-14,126,12.6729546624,1596.7922874624,1860,12.6729546624,Reposición
876,45,7NM98,Sandalias Slides Confort Unisex,Hilasal (Hilandería de Centro América),2025-08-15,115,6.900389376300001,793.5447782745001,1861,6.900389376300001,Reposición
877,14,3ET67,Zapatos Loafer Borlas Ejecutivos,Adoc S.A. de C.V.,2025-08-17,139,13.3143508053,1850.6947619367,1812,13.3143508053,Reposición
878,26,4QI22,Botas Fashion Urbanas Mujer,Adoc S.A. de C.V.,2025-08-17,118,11.622614670000003,1371.4685310600003,1789,11.622614670000003,Reposición
879,4,1GS46,Zapatillas Tenis Premium Leather,Mundo de Calzado,2025-08-18,131,12.414674336400005,1626.3223380684005,1757,12.414674336400005,Reposición
880,16,3JK90,Calzado Golf Waterproof Premium,Adoc S.A. de C.V.,2025-08-19,130,9.3884898501,1220.5036805129998,1845,9.3884898501,Reposición
881,1,0RT28,Sandalias Deportivas Acuáticas,Mundo de Calzado,2025-08-20,125,6.594757657200001,824.3447071500001,1920,6.594757657200001,Reposición
882,37,6GH85,Calzado Ciclismo Clips Performance,Adoc S.A. de C.V.,2025-08-21,130,11.308373606700002,1470.0885688710002,2010,11.308373606700002,Reposición
883,11,2RW93,Zapatillas Slip-On Casual Relax,Mundo de Calzado,2025-08-21,133,9.6898168971,1288.7456473143,1794,9.6898168971,Reposición
884,60,WLCH1,Zapatillas Tenis Premium Leather,Hilasal (Hilandería de Centro América),2025-08-23,110,15.712053165,1728.32584815,1752,15.712053165,Reposición
885,25,4PJ19,Zapatos Mocasín Elegantes Sin Cordón,Mundo de Calzado,2025-08-24,110,15.9574194747,1755.316142217,1736,15.9574194747,Reposición
886,58,9OL25,Botas Trabajo Punta Acero Seguridad,Diana Comercial,2025-08-26,134,10.2709476306,1376.3069825004,1755,10.2709476306,Reposición
887,49,8BC37,Zapatillas Basketball High Top,Almacenes Siman,2025-08-26,113,9.0355067379,1021.0122613827001,1819,9.0355067379,Reposición
888,23,4HJ92,Zapatos Salón Tacón Medio Oficina,Calzado Prada El Salvador,2025-08-27,110,12.9828910536,1428.1180158959999,1861,12.9828910536,Reposición
889,55,8VS71,Zapatillas Lifestyle Urban Street,Mundo de Calzado,2025-08-28,134,10.9467811503,1466.8686741402,1826,10.9467811503,Reposición
890,51,8LG34,Botas Militares Tácticas Combat,Hilasal (Hilandería de Centro América),2025-08-29,124,12.896797611600004,1599.2029038384005,1723,12.896797611600004,Reposición
891,59,XS56,Calzado Gym Training Multisport,Payless ShoeSource El Salvador,2025-08-29,114,12.233878108200003,1394.6621043348002,1748,12.233878108200003,Reposición
892,13,2WE71,Tacones Stiletto Mujer Elegantes,Diana Comercial,2025-09-01,132,8.8417964934,1167.1171371288,1717,8.8417964934,Reposición
893,44,7BS72,Zapatillas Training CrossFit Elite,Calzado Prada El Salvador,2025-09-04,121,12.436197696900004,1504.7799213249004,1885,12.436197696900004,Reposición
894,53,8TF72,Zapatos Penny Loafer Clásicos,Almacenes Siman,2025-09-05,120,12.1348706499,1456.184477988,1896,12.1348706499,Reposición
895,20,3UK92,Zapatillas Casual Canvas Juveniles,Calzado Prada El Salvador,2025-09-06,121,8.988155344800004,1087.5667967208005,1879,8.988155344800004,Reposición
896,8,2JD90,Calzado Boxing Botín Competencia,Almacenes Siman,2025-09-07,127,8.385501250799999,1064.9586588516,1938,8.385501250799999,Reposición
897,35,5XY10,Zapatos Tipo Brogue Premium Cuero,Payless ShoeSource El Salvador,2025-09-07,126,15.621655050900005,1968.3285364134006,1861,15.621655050900005,Reposición
898,62,TAG2,Botas Lluvia Impermeables Pro,Payless ShoeSource El Salvador,2025-09-08,129,14.8812514497,1919.6814370113,1735,14.8812514497,Reposición
899,17,3LV37,Zapatillas Running Ligeras Performance,Hilasal (Hilandería de Centro América),2025-09-08,121,11.1318820506,1346.9577281226,1801,11.1318820506,Reposición
900,10,2LM04,Botas Casual Chukka Ante,Calzado Lexus,2025-09-10,123,12.505072450500004,1538.1239114115006,1881,12.505072450500004,Reposición
901,27,5BM69,Zapatillas Deportivas Running Pro,Mundo de Calzado,2025-09-12,129,9.3110057523,1201.1197420467,1835,9.3110057523,Reposición
902,31,5IF41,Sandalias Tipo Huarache Tradicionales,Diana Comercial,2025-09-14,117,6.2891259381000015,735.8277347577002,1847,6.2891259381000015,Reposición
903,48,7YV41,Calzado Tenis Clay Court Especial,Mundo de Calzado,2025-09-15,113,11.338506311400002,1281.2512131882002,1837,11.338506311400002,Reposición
904,63,TAG3,Calzado Natación Acuático Grip,Adoc S.A. de C.V.,2025-09-16,112,9.1775609172,1027.8868227264,1867,9.1775609172,Reposición
905,6,2CF67,Botas Lluvia Impermeables Pro,Calzado Prada El Salvador,2025-09-16,110,11.8851996681,1307.371963491,1615,11.8851996681,Reposición
906,7,2JD29,Calzado Natación Acuático Grip,Almacenes Siman,2025-09-17,128,8.9364992796,1143.8719077888,1843,8.9364992796,Reposición
907,3,1GB82,Calzado Gym Training Multisport,Almacenes Siman,2025-09-18,114,11.1189680343,1267.5623559102,1852,11.1189680343,Reposición
908,39,6PM40,Tacones Plataforma Fiesta Mujer,Hilasal (Hilandería de Centro América),2025-09-20,117,9.780215011200001,1144.2851563104002,1782,9.780215011200001,Reposición
909,19,3TU20,Zapatos Oxford Mujer Profesionales,Adoc S.A. de C.V.,2025-09-22,75,11.355724999800003,851.6793749850002,1912,11.355724999800003,Reposición
910,24,4KL66,Botas Senderismo Trail Explorer,Almacenes Siman,2025-09-23,115,14.127933832200002,1624.7123907030002,1827,14.127933832200002,Reposición
911,32,5TJ23,Zapatos Oxford Piel Ejecutivos,Mundo de Calzado,2025-09-25,123,11.5279118838,1417.9331617074,1684,11.5279118838,Reposición
912,33,5TU10,Sandalias Sport Outdoor Trekking,Almacenes Siman,2025-09-25,134,6.973568802,934.458219468,1811,6.973568802,Reposición
913,30,5GN30,Botas Montaña Hiking Adventure,Diana Comercial,2025-09-26,119,10.4732672193,1246.3187990967,1788,10.4732672193,Reposición
914,36,6BC45,Sandalias Playa Niños Coloridas,Calzado Prada El Salvador,2025-09-26,110,5.023552340700001,552.5907574770001,1764,5.023552340700001,Reposición
915,34,5UB78,Zapatillas Skate Urban Style,Payless ShoeSource El Salvador,2025-09-27,60,10.0815420582,604.892523492,1945,10.0815420582,Reposición
916,29,5GF68,Calzado Fútbol Tacos Profesionales,Calzado Lexus,2025-09-27,113,10.150416811800001,1146.9970997334,1954,10.150416811800001,Reposición
917,50,8DO33,Botas Chelsea Casual Premium,Calzado Prada El Salvador,2025-09-27,127,12.978586381500005,1648.2804704505006,1844,12.978586381500005,Reposición
918,21,3YB32,Sandalias Plataforma Mujer Elegantes,Diana Comercial,2025-09-30,123,8.385501250799999,1031.4166538483998,1814,8.385501250799999,Reposición
919,42,6VC22,Sandalias Casual Verano Acolchadas,Calzado Prada El Salvador,2025-09-30,129,6.667937082900002,860.1638836941003,1882,6.667937082900002,Reposición
920,54,8UF78,Zapatillas Casual Urbanas Confort,Calzado Prada El Salvador,2025-10-05,133,12.242487452400004,1628.2508311692006,1980,12.242487452400004,Reposición
921,28,5GE27,Sandalias Playa Flip-Flop Confort,Hilasal (Hilandería de Centro América),2025-10-06,115,6.327867987000001,727.7048185050002,1800,6.327867987000001,Reposición
922,64,2EW02,Calzado Boxing Botín Competencia,Almacenes Siman,2025-10-09,127,8.1831816621,1039.2640710867001,1837,8.1831816621,Reposición
923,56,9GQ28,Zapatos Monk Strap Doble Hebilla,Payless ShoeSource El Salvador,2025-10-11,128,13.843825473600006,1772.0096606208008,1927,13.843825473600006,Reposición
924,22,4HC51,Zapatillas Running Trail Mountain,Diana Comercial,2025-10-11,128,11.3428109835,1451.879805888,1928,11.3428109835,Reposición
925,46,7NQ22,Zapatos Piel Charol Eventos Formales,Calzado Lexus,2025-10-12,110,13.564021787100003,1492.0423965810003,1832,13.564021787100003,Reposición
926,9,2JV62,Sandalias Ortopédicas Soporte Arco,Diana Comercial,2025-10-13,123,6.8831706879,846.6299946117,1968,6.8831706879,Reposición
927,43,7BS71,Zapatos Derby Clásicos Oficina,Almacenes Siman,2025-10-14,113,12.010035159000001,1357.133972967,1843,12.010035159000001,Reposición
928,47,7TY55,Zapatillas Walking Confort Plus,Diana Comercial,2025-10-14,115,11.312678278800004,1300.9580020620003,1857,11.312678278800004,Reposición
929,57,9OK21,Sandalias Deportivas Acuáticas,Calzado Lexus,2025-10-16,132,8.4586806765,1116.5458492980001,1951,8.4586806765,Reposición
930,41,6UK81,Zapatillas Tenis Clásicas Blancas,Hilasal (Hilandería de Centro América),2025-10-16,120,10.666977463800004,1280.0372956560004,1814,10.666977463800004,Reposición
931,5,1TB10,Botas Invierno Térmicas Impermeables,Calzado Prada El Salvador,2025-10-16,133,13.331569493700004,1773.0987426621004,1910,13.331569493700004,Reposición
932,18,3RE23,Botas Motociclista Protección Total,Hilasal (Hilandería de Centro América),2025-10-19,112,10.3182990237,1155.6494906543999,1941,10.3182990237,Reposición
933,1,0RT28,Sandalias Deportivas Acuáticas,Hilasal (Hilandería de Centro América),2025-10-21,34,6.741116508600001,229.19796129240004,1954,6.741116508600001,Reposición
934,16,3JK90,Calzado Golf Waterproof Premium,Hilasal (Hilandería de Centro América),2025-10-21,81,9.7113402576,786.6185608656,1926,9.7113402576,Reposición
935,4,1GS46,Zapatillas Tenis Premium Leather,Calzado Lexus,2025-10-22,122,12.9226256442,1576.5603285924,1879,12.9226256442,Reposición
936,15,3JK76,Sandalias Cuero Artesanales Premium,Diana Comercial,2025-10-23,116,7.2017164233000015,835.3991051028001,1771,7.2017164233000015,Reposición
937,14,3ET67,Zapatos Loafer Borlas Ejecutivos,Payless ShoeSource El Salvador,2025-10-23,120,12.281229501300007,1473.747540156001,1932,12.281229501300007,Reposición
938,40,6UB33,Calzado Volleyball Indoor Pro,Calzado Prada El Salvador,2025-10-24,79,11.9196370449,941.6513265471,1939,11.9196370449,Reposición
939,55,8VS71,Zapatillas Lifestyle Urban Street,Diana Comercial,2025-10-27,134,10.5937980381,1419.5689371054,1960,10.5937980381,Reposición
940,26,4QI22,Botas Fashion Urbanas Mujer,Hilasal (Hilandería de Centro América),2025-10-27,124,12.604079908800001,1562.9059086912002,1913,12.604079908800001,Reposición
941,59,XS56,Calzado Gym Training Multisport,Hilasal (Hilandería de Centro América),2025-10-30,117,10.692805496400004,1251.0582430788004,1865,10.692805496400004,Reposición
942,58,9OL25,Botas Trabajo Punta Acero Seguridad,Almacenes Siman,2025-11-01,115,10.167635500200003,1169.2780825230004,1870,10.167635500200003,Reposición
943,52,8NN54,Botas Vaqueras Western Clásicas,Calzado Prada El Salvador,2025-11-01,111,11.648442702599999,1292.9771399886,1908,11.648442702599999,Reposición
944,13,2WE71,Tacones Stiletto Mujer Elegantes,Payless ShoeSource El Salvador,2025-11-02,130,9.5649814062,1243.447582806,1847,9.5649814062,Reposición
945,61,TAG1,Botas Invierno Térmicas Impermeables,Calzado Lexus,2025-11-03,124,13.559717115000002,1681.4049222600001,1845,13.559717115000002,Reposición
946,2,1AB92,Botas Trabajo Punta Acero Seguridad,Almacenes Siman,2025-11-04,30,10.283861646900004,308.51584940700013,1960,10.283861646900004,Reposición
947,45,7NM98,Sandalias Slides Confort Unisex,Payless ShoeSource El Salvador,2025-11-05,114,7.843112566200001,894.1148325468001,1975,7.843112566200001,Reposición
948,38,6LJ54,Botas de Trabajo Industrial Reforzadas,Mundo de Calzado,2025-11-07,129,10.933867134,1410.4688602859999,1907,10.933867134,Reposición
949,23,4HJ92,Zapatos Salón Tacón Medio Oficina,Calzado Lexus,2025-11-07,25,12.883883595300002,322.09708988250003,1886,12.883883595300002,Reposición
950,12,2TK59,Sandalias Gladiador Fashion Mujer,Adoc S.A. de C.V.,2025-11-10,128,5.906010121200001,755.9692955136002,1847,5.906010121200001,Reposición
951,11,2RW93,Zapatillas Slip-On Casual Relax,Almacenes Siman,2025-11-10,124,10.111674762900002,1253.8476705996002,1918,10.111674762900002,Reposición
952,51,8LG34,Botas Militares Tácticas Combat,Payless ShoeSource El Salvador,2025-11-15,132,10.8736017246,1435.3154276472,1855,10.8736017246,Reposición
953,35,5XY10,Zapatos Tipo Brogue Premium Cuero,Adoc S.A. de C.V.,2025-11-16,14,16.3233166032,228.52643244479998,1875,16.3233166032,Reposición
954,49,8BC37,Zapatillas Basketball High Top,Payless ShoeSource El Salvador,2025-11-18,119,9.2722637034,1103.3993807046,1938,9.2722637034,Reposición
955,6,2CF67,Botas Lluvia Impermeables Pro,Calzado Prada El Salvador,2025-11-18,102,11.153405411100001,1137.6473519322,1717,11.153405411100001,Reposición
956,39,6PM40,Tacones Plataforma Fiesta Mujer,Calzado Lexus,2025-11-19,135,8.4457666602,1140.1784991270001,1917,8.4457666602,Reposición
957,60,WLCH1,Zapatillas Tenis Premium Leather,Hilasal (Hilandería de Centro América),2025-11-19,121,17.068024876500008,2065.231010056501,1873,17.068024876500008,Reposición
958,63,TAG3,Calzado Natación Acuático Grip,Hilasal (Hilandería de Centro América),2025-11-20,87,8.376891906600003,728.7895958742002,1954,8.376891906600003,Reposición
959,3,1GB82,Calzado Gym Training Multisport,Diana Comercial,2025-11-20,38,10.0083626325,380.31778003500006,1890,10.0083626325,Reposición
960,7,2JD29,Calzado Natación Acuático Grip,Payless ShoeSource El Salvador,2025-11-21,99,8.1100022364,802.8902214036,1942,8.1100022364,Reposición
961,25,4PJ19,Zapatos Mocasín Elegantes Sin Cordón,Hilasal (Hilandería de Centro América),2025-11-21,130,15.049133661600003,1956.3873760080003,1866,15.049133661600003,Reposición
962,27,5BM69,Zapatillas Deportivas Running Pro,Diana Comercial,2025-11-22,128,11.054397952799999,1414.9629379583998,1963,11.054397952799999,Reposición
963,44,7BS72,Zapatillas Training CrossFit Elite,Mundo de Calzado,2025-11-22,42,11.5106931954,483.4491142068,1927,11.5106931954,Reposición
964,8,2JD90,Calzado Boxing Botín Competencia,Diana Comercial,2025-11-25,12,8.191791006300004,98.30149207560005,1950,8.191791006300004,Reposición
965,20,3UK92,Zapatillas Casual Canvas Juveniles,Diana Comercial,2025-11-26,23,9.483192636300002,218.11343063490006,1902,9.483192636300002,Reposición
966,53,8TF72,Zapatos Penny Loafer Clásicos,Adoc S.A. de C.V.,2025-11-27,42,12.2855341734,515.9924352828,1938,12.2855341734,Reposición
967,24,4KL66,Botas Senderismo Trail Explorer,Mundo de Calzado,2025-11-27,129,13.762036703700003,1775.3027347773004,1956,13.762036703700003,Reposición
968,36,6BC45,Sandalias Playa Niños Coloridas,Diana Comercial,2025-11-27,136,5.027857012800001,683.7885537408001,1900,5.027857012800001,Reposición
969,29,5GF68,Calzado Fútbol Tacos Profesionales,Calzado Lexus,2025-11-29,8,9.2249123103,73.7992984824,1962,9.2249123103,Reposición
970,62,TAG2,Botas Lluvia Impermeables Pro,Payless ShoeSource El Salvador,2025-11-29,117,14.9156888265,1745.1355927005,1852,14.9156888265,Reposición
971,6,2CF67,Botas Lluvia Impermeables Pro,Diana Comercial,2025-11-30,86,11.536521228,992.140825608,1803,11.536521228,Ajuste Final
972,21,3YB32,Sandalias Plataforma Mujer Elegantes,Calzado Lexus,2025-11-30,64,8.1960956784,524.5501234176,1878,8.1960956784,Ajuste Final
973,13,2WE71,Tacones Stiletto Mujer Elegantes,Calzado Lexus,2025-11-30,54,8.781531084000001,474.20267853600006,1901,8.781531084000001,Ajuste Final
974,9,2JV62,Sandalias Ortopédicas Soporte Arco,Payless ShoeSource El Salvador,2025-11-30,27,6.5215782315,176.0826122505,1995,6.5215782315,Ajuste Final
975,10,2LM04,Botas Casual Chukka Ante,Almacenes Siman,2025-11-30,55,13.374616214700001,735.6038918085001,1936,13.374616214700001,Ajuste Final
976,4,1GS46,Zapatillas Tenis Premium Leather,Hilasal (Hilandería de Centro América),2025-11-30,87,12.401760320100005,1078.9531478487004,1966,12.401760320100005,Ajuste Final
977,15,3JK76,Sandalias Cuero Artesanales Premium,Almacenes Siman,2025-11-30,95,7.623574289100004,724.2395574645004,1866,7.623574289100004,Ajuste Final
978,12,2TK59,Sandalias Gladiador Fashion Mujer,Mundo de Calzado,2025-11-30,66,6.741116508600001,444.91368956760004,1913,6.741116508600001,Ajuste Final
979,5,1TB10,Botas Invierno Térmicas Impermeables,Adoc S.A. de C.V.,2025-11-30,37,11.704403439900002,433.06292727630006,1947,11.704403439900002,Ajuste Final
980,14,3ET67,Zapatos Loafer Borlas Ejecutivos,Diana Comercial,2025-11-30,67,12.543814499400003,840.4355714598003,1999,12.543814499400003,Ajuste Final
981,18,3RE23,Botas Motociclista Protección Total,Adoc S.A. de C.V.,2025-11-30,31,10.572274677600005,327.7405150056002,1972,10.572274677600005,Ajuste Final
982,17,3LV37,Zapatillas Running Ligeras Performance,Payless ShoeSource El Salvador,2025-11-30,190,11.760364177200005,2234.469193668001,1991,11.760364177200005,Ajuste Final
983,30,5GN30,Botas Montaña Hiking Adventure,Payless ShoeSource El Salvador,2025-11-30,123,11.583872621100005,1424.8163323953006,1911,11.583872621100005,Ajuste Final
984,22,4HC51,Zapatillas Running Trail Mountain,Adoc S.A. de C.V.,2025-11-30,14,13.2971321169,186.1598496366,1942,13.2971321169,Ajuste Final
985,56,9GQ28,Zapatos Monk Strap Doble Hebilla,Mundo de Calzado,2025-11-30,50,15.643178411400008,782.1589205700004,1977,15.643178411400008,Ajuste Final
986,58,9OL25,Botas Trabajo Punta Acero Seguridad,Mundo de Calzado,2025-11-30,62,11.5408259001,715.5312058062,1932,11.5408259001,Ajuste Final
987,55,8VS71,Zapatillas Lifestyle Urban Street,Hilasal (Hilandería de Centro América),2025-11-30,22,9.887831813700002,217.53229990140005,1982,9.887831813700002,Ajuste Final
988,54,8UF78,Zapatillas Casual Urbanas Confort,Calzado Prada El Salvador,2025-11-30,36,11.398771720800001,410.35578194880003,2016,11.398771720800001,Ajuste Final
989,52,8NN54,Botas Vaqueras Western Clásicas,Adoc S.A. de C.V.,2025-11-30,26,10.2494242701,266.4850310226,1934,10.2494242701,Ajuste Final
990,51,8LG34,Botas Militares Tácticas Combat,Mundo de Calzado,2025-11-30,87,11.592481965300003,1008.5459309811002,1942,11.592481965300003,Ajuste Final
991,50,8DO33,Botas Chelsea Casual Premium,Almacenes Siman,2025-11-30,63,15.707748492899999,989.5881550526999,1907,15.707748492899999,Ajuste Final
992,49,8BC37,Zapatillas Basketball High Top,Calzado Lexus,2025-11-30,24,8.0239087944,192.5738110656,1962,8.0239087944,Ajuste Final
993,48,7YV41,Calzado Tenis Clay Court Especial,Adoc S.A. de C.V.,2025-11-30,33,11.816324914500003,389.9387221785001,1870,11.816324914500003,Ajuste Final
994,47,7TY55,Zapatillas Walking Confort Plus,Almacenes Siman,2025-11-30,70,9.8620037811,690.340264677,1927,9.8620037811,Ajuste Final
995,46,7NQ22,Zapatos Piel Charol Eventos Formales,Almacenes Siman,2025-11-30,111,13.413358263600003,1488.8827672596003,1943,13.413358263600003,Ajuste Final
996,45,7NM98,Sandalias Slides Confort Unisex,Hilasal (Hilandería de Centro América),2025-11-30,6,7.4772154377,44.8632926262,1981,7.4772154377,Ajuste Final
997,43,7BS71,Zapatos Derby Clásicos Oficina,Calzado Lexus,2025-11-30,75,11.4891698349,861.6877376175,1918,11.4891698349,Ajuste Final
998,42,6VC22,Sandalias Casual Verano Acolchadas,Adoc S.A. de C.V.,2025-11-30,21,7.218935111700001,151.59763734570004,1903,7.218935111700001,Ajuste Final
999,41,6UK81,Zapatillas Tenis Clásicas Blancas,Calzado Prada El Salvador,2025-11-30,119,12.195136059300003,1451.2211910567003,1933,12.195136059300003,Ajuste Final
1000,60,WLCH1,Zapatillas Tenis Premium Leather,Almacenes Siman,2025-11-30,49,15.914372753700002,779.8042649313,1922,15.914372753700002,Ajuste Final
1001,39,6PM40,Tacones Plataforma Fiesta Mujer,Calzado Prada El Salvador,2025-11-30,18,9.418622554799999,169.53520598639997,1935,9.418622554799999,Ajuste Final
1002,38,6LJ54,Botas de Trabajo Industrial Reforzadas,Payless ShoeSource El Salvador,2025-11-30,35,9.8921364858,346.224777003,1942,9.8921364858,Ajuste Final
1003,36,6BC45,Sandalias Playa Niños Coloridas,Hilasal (Hilandería de Centro América),2025-11-30,80,4.9030215218999995,392.241721752,1980,4.9030215218999995,Ajuste Final
1004,33,5TU10,Sandalias Sport Outdoor Trekking,Calzado Lexus,2025-11-30,103,7.653706993800004,788.3318203614003,1914,7.653706993800004,Ajuste Final
1005,32,5TJ23,Zapatos Oxford Piel Ejecutivos,Adoc S.A. de C.V.,2025-11-30,181,10.3010803353,1864.4955406893,1865,10.3010803353,Ajuste Final
1006,31,5IF41,Sandalias Tipo Huarache Tradicionales,Mundo de Calzado,2025-11-30,13,7.6709256822,99.7220338686,1860,7.6709256822,Ajuste Final
1007,57,9OK21,Sandalias Deportivas Acuáticas,Calzado Lexus,2025-11-30,50,7.3093332258,365.46666129,2001,7.3093332258,Ajuste Final
1008,61,TAG1,Botas Invierno Térmicas Impermeables,Almacenes Siman,2025-11-30,27,15.019000956900001,405.5130258363,1872,15.019000956900001,Ajuste Final
1009,28,5GE27,Sandalias Playa Flip-Flop Confort,Calzado Prada El Salvador,2025-11-30,58,6.0609783168,351.5367423744,1858,6.0609783168,Ajuste Final
1010,27,5BM69,Zapatillas Deportivas Running Pro,Calzado Prada El Salvador,2025-11-30,81,11.0414839365,894.3601988565,2044,11.0414839365,Ajuste Final
1011,26,4QI22,Botas Fashion Urbanas Mujer,Diana Comercial,2025-11-30,66,13.542498426600005,893.8048961556003,1979,13.542498426600005,Ajuste Final
1012,25,4PJ19,Zapatos Mocasín Elegantes Sin Cordón,Mundo de Calzado,2025-11-30,52,13.219648019100008,687.4216969932004,1918,13.219648019100008,Ajuste Final
1013,24,4KL66,Botas Senderismo Trail Explorer,Almacenes Siman,2025-11-30,51,12.8666649069,656.1999102519001,2007,12.8666649069,Ajuste Final
1014,62,TAG2,Botas Lluvia Impermeables Pro,Adoc S.A. de C.V.,2025-11-30,28,15.006086940599998,420.17043433679993,1880,15.006086940599998,Ajuste Final
1015,64,2EW02,Calzado Boxing Botín Competencia,Hilasal (Hilandería de Centro América),2025-11-30,72,8.097088220100002,582.9903518472001,1909,8.097088220100002,Ajuste Final
